Item,a1,a2,a3,ak0,ak1,ak2,ak3,ak4,ak5,ak6,ak7,ak8,ak9,Codes Used,Item Type,Model Required,d0,d1,d2,ak3,d3,ak4,d4,ak5,ak6,d5,d6,ak7,d7,ak8,ak9,d8,d9
V161,-0.16501424,0.608759773,0.002661663,0,1,2,NA,NA,NA,NA,NA,NA,NA,3,Ordered,gpcm,0,2.357662072,-0.021748415,NA,NA,NA,NA,NA,NA,NA,NA,NA,NA,NA,NA,NA,NA
V162,-1.7188838,-0.489620232,0.25170557,0,1,2,NA,NA,NA,NA,NA,NA,NA,3,Ordered,gpcm,0,1.111234779,-2.384761986,NA,NA,NA,NA,NA,NA,NA,NA,NA,NA,NA,NA,NA,NA
V163,-1.326103394,0.037569795,-0.084475153,0,1,2,NA,NA,NA,NA,NA,NA,NA,3,Ordered,gpcm,0,3.351646783,2.748982485,NA,NA,NA,NA,NA,NA,NA,NA,NA,NA,NA,NA,NA,NA
V5,-0.49877799,0.217060028,0.011064934,0,1,NA,NA,NA,NA,NA,NA,NA,NA,2,BINARY,2PL,0,0.63917703,NA,NA,NA,NA,NA,NA,NA,NA,NA,NA,NA,NA,NA,NA,NA
V6,-0.308804532,-1.510066842,-1.697400799,0,1,NA,NA,NA,NA,NA,NA,NA,NA,2,BINARY,2PL,0,2.888473011,NA,NA,NA,NA,NA,NA,NA,NA,NA,NA,NA,NA,NA,NA,NA
V7,-0.003455957,0.181215887,-0.930380213,0,1,2,NA,NA,NA,NA,NA,NA,NA,3,Ordered,gpcm,0,1.314445075,-2.950771468,NA,NA,NA,NA,NA,NA,NA,NA,NA,NA,NA,NA,NA,NA
V8,1.880501024,-1.402662857,0.838186948,0,1,NA,NA,NA,NA,NA,NA,NA,NA,2,BINARY,2PL,0,-2.556323005,NA,NA,NA,NA,NA,NA,NA,NA,NA,NA,NA,NA,NA,NA,NA
V9,3.952998977,-3.183365112,1.726104733,0,1,2,3,NA,NA,NA,NA,NA,NA,4,Ordered,gpcm,0,0.302889448,-3.59552042,3,-14.04786448,NA,NA,NA,NA,NA,NA,NA,NA,NA,NA,NA,NA
V10,1.878775085,-1.242016697,-1.402300714,0,1,NA,NA,NA,NA,NA,NA,NA,NA,2,BINARY,2PL,0,3.042698304,NA,NA,NA,NA,NA,NA,NA,NA,NA,NA,NA,NA,NA,NA,NA
V11,1.65545525,-2.541804037,-2.107825977,0,1,2,NA,NA,NA,NA,NA,NA,NA,3,Ordered,gpcm,0,6.277516064,1.749319774,NA,NA,NA,NA,NA,NA,NA,NA,NA,NA,NA,NA,NA,NA
V70,0.749068671,-2.219432836,0.149860097,0,1,2,3,NA,NA,NA,NA,NA,NA,4,Ordered,gpcm,0,5.570594792,5.61160932,3,0.053920258,NA,NA,NA,NA,NA,NA,NA,NA,NA,NA,NA,NA
V71,1.650004523,0.220130288,-0.08478176,0,1,2,3,NA,NA,NA,NA,NA,NA,4,Ordered,gpcm,0,3.40317511,4.030051229,3,3.321327287,NA,NA,NA,NA,NA,NA,NA,NA,NA,NA,NA,NA
V72,1.466787108,-1.49821548,1.385884151,0,1,2,NA,NA,NA,NA,NA,NA,NA,3,Ordered,gpcm,0,3.800990646,2.148147733,NA,NA,NA,NA,NA,NA,NA,NA,NA,NA,NA,NA,NA,NA
V73,0.285122514,-0.79019053,0.292940537,0,1,2,3,NA,NA,NA,NA,NA,NA,4,Ordered,gpcm,0,0.688984544,0.28158406,3,-2.48242943,NA,NA,NA,NA,NA,NA,NA,NA,NA,NA,NA,NA
V75,2.633213716,-1.409614523,1.123202615,0,1,2,3,NA,NA,NA,NA,NA,NA,4,Ordered,gpcm,0,1.131177126,-2.124667888,3,-9.184021043,NA,NA,NA,NA,NA,NA,NA,NA,NA,NA,NA,NA
V76,1.197314401,-0.509361759,-0.468895177,0,1,2,3,NA,NA,NA,NA,NA,NA,4,Ordered,gpcm,0,3.307265063,4.143933065,3,2.385006668,NA,NA,NA,NA,NA,NA,NA,NA,NA,NA,NA,NA
V77,1.319990545,-0.690914812,0.908999667,0,1,2,3,NA,NA,NA,NA,NA,NA,4,Ordered,gpcm,0,3.624776473,2.548990962,3,-2.215891825,NA,NA,NA,NA,NA,NA,NA,NA,NA,NA,NA,NA
V78,0.838457507,-1.664413471,0.492321667,0,1,2,NA,NA,NA,NA,NA,NA,NA,3,Ordered,gpcm,0,4.2526605,3.25188801,NA,NA,NA,NA,NA,NA,NA,NA,NA,NA,NA,NA,NA,NA
V79,1.374128617,-0.336100174,1.614593594,0,1,2,3,NA,NA,NA,NA,NA,NA,4,Ordered,gpcm,0,2.923918333,1.547911025,3,-2.035823018,NA,NA,NA,NA,NA,NA,NA,NA,NA,NA,NA,NA
V74,1.42995483,-2.208227078,1.301548955,0,1,2,3,NA,NA,NA,NA,NA,NA,4,Ordered,gpcm,0,6.161742378,5.23816359,3,-1.046759447,NA,NA,NA,NA,NA,NA,NA,NA,NA,NA,NA,NA
V165,-1.422985562,-1.680106514,-0.375268133,0,1,2,NA,NA,NA,NA,NA,NA,NA,3,Ordered,gpcm,0,-2.122051678,-6.935817608,NA,NA,NA,NA,NA,NA,NA,NA,NA,NA,NA,NA,NA,NA
V166,0.991145498,-0.866707655,-1.464890797,0,1,2,NA,NA,NA,NA,NA,NA,NA,3,Ordered,gpcm,0,2.857192561,0.024403132,NA,NA,NA,NA,NA,NA,NA,NA,NA,NA,NA,NA,NA,NA
V167,-0.741791507,-0.190120198,-0.404304941,0,1,NA,NA,NA,NA,NA,NA,NA,NA,2,BINARY,2PL,0,-2.506244076,NA,NA,NA,NA,NA,NA,NA,NA,NA,NA,NA,NA,NA,NA,NA
V168,3.257683488,-0.077629757,0.771683632,0,1,NA,NA,NA,NA,NA,NA,NA,NA,2,BINARY,2PL,0,0.992652588,NA,NA,NA,NA,NA,NA,NA,NA,NA,NA,NA,NA,NA,NA,NA
V169,3.375226852,-2.611983053,0.509454422,0,1,NA,NA,NA,NA,NA,NA,NA,NA,2,BINARY,2PL,0,0.713165312,NA,NA,NA,NA,NA,NA,NA,NA,NA,NA,NA,NA,NA,NA,NA
V45,4.480646196,1.696779954,2.02711894,0,1,2,NA,NA,NA,NA,NA,NA,NA,3,Ordered,gpcm,0,2.756868686,0.99862614,NA,NA,NA,NA,NA,NA,NA,NA,NA,NA,NA,NA,NA,NA
V46,1.374567366,-0.626687478,0.654890168,0,1,2,NA,NA,NA,NA,NA,NA,NA,3,Ordered,gpcm,0,-2.803046756,-6.82783567,NA,NA,NA,NA,NA,NA,NA,NA,NA,NA,NA,NA,NA,NA
V49,6.414032966,-0.840432271,0.199691689,0,1,NA,NA,NA,NA,NA,NA,NA,NA,2,BINARY,2PL,0,0.7084308,NA,NA,NA,NA,NA,NA,NA,NA,NA,NA,NA,NA,NA,NA,NA
V54,0.108491053,0.708246459,0.615578728,0,1,2,NA,NA,NA,NA,NA,NA,NA,3,Ordered,gpcm,0,4.106307622,2.96839093,NA,NA,NA,NA,NA,NA,NA,NA,NA,NA,NA,NA,NA,NA
V51,4.067440182,1.680629351,2.189929823,0,1,2,3,NA,NA,NA,NA,NA,NA,4,Ordered,gpcm,0,5.964690287,5.421332761,3,-4.236828915,NA,NA,NA,NA,NA,NA,NA,NA,NA,NA,NA,NA
V52,1.372951293,0.123918012,0.828299787,0,1,2,NA,NA,NA,NA,NA,NA,NA,3,Ordered,gpcm,0,4.763087222,1.367489958,NA,NA,NA,NA,NA,NA,NA,NA,NA,NA,NA,NA,NA,NA
V50,1.244023442,-0.25928949,1.666666146,0,1,2,NA,NA,NA,NA,NA,NA,NA,3,Ordered,gpcm,0,5.592195399,6.142831895,NA,NA,NA,NA,NA,NA,NA,NA,NA,NA,NA,NA,NA,NA
V48,-0.106790115,-0.376887735,0.236325996,0,1,NA,NA,NA,NA,NA,NA,NA,NA,2,BINARY,2PL,0,-1.015057738,NA,NA,NA,NA,NA,NA,NA,NA,NA,NA,NA,NA,NA,NA,NA
V47,3.392919152,0.531080408,0.453581108,0,1,2,NA,NA,NA,NA,NA,NA,NA,3,Ordered,gpcm,0,4.522060855,2.013213133,NA,NA,NA,NA,NA,NA,NA,NA,NA,NA,NA,NA,NA,NA
V53,16.01074268,4.998011131,10.74994359,0,1,2,NA,NA,NA,NA,NA,NA,NA,3,Ordered,gpcm,0,4.708537602,-30.65733682,NA,NA,NA,NA,NA,NA,NA,NA,NA,NA,NA,NA,NA,NA
V67,-0.352133654,0.133929909,-1.086315277,0,1,2,NA,NA,NA,NA,NA,NA,NA,3,Ordered,gpcm,0,2.88421891,3.591114711,NA,NA,NA,NA,NA,NA,NA,NA,NA,NA,NA,NA,NA,NA
V68,2.639197922,-1.193116579,7.967464442,0,1,NA,NA,NA,NA,NA,NA,NA,NA,2,BINARY,2PL,0,-7.996397449,NA,NA,NA,NA,NA,NA,NA,NA,NA,NA,NA,NA,NA,NA,NA
V69,0.470789339,-0.777137813,0.442450153,0,1,2,NA,NA,NA,NA,NA,NA,NA,3,Ordered,gpcm,0,-1.064884463,-3.815696756,NA,NA,NA,NA,NA,NA,NA,NA,NA,NA,NA,NA,NA,NA
V84,-0.199748787,-0.185521001,-0.688112065,0,1,2,NA,NA,NA,NA,NA,NA,NA,3,Ordered,gpcm,0,0.801034658,-3.164672631,NA,NA,NA,NA,NA,NA,NA,NA,NA,NA,NA,NA,NA,NA
V85,-4.690278823,-1.625283971,-4.711714735,0,1,2,NA,NA,NA,NA,NA,NA,NA,3,Ordered,gpcm,0,8.600864383,10.68170161,NA,NA,NA,NA,NA,NA,NA,NA,NA,NA,NA,NA,NA,NA
V86,-1.419310677,0.861900809,-1.992517267,0,1,NA,NA,NA,NA,NA,NA,NA,NA,2,BINARY,2PL,0,2.581283213,NA,NA,NA,NA,NA,NA,NA,NA,NA,NA,NA,NA,NA,NA,NA
V87,-1.672490466,-1.224370711,-0.30362789,0,1,NA,NA,NA,NA,NA,NA,NA,NA,2,BINARY,2PL,0,0.766975139,NA,NA,NA,NA,NA,NA,NA,NA,NA,NA,NA,NA,NA,NA,NA
V88,-1.65581697,-0.020051006,-1.017028604,0,1,NA,NA,NA,NA,NA,NA,NA,NA,2,BINARY,2PL,0,1.980682385,NA,NA,NA,NA,NA,NA,NA,NA,NA,NA,NA,NA,NA,NA,NA
V89,-0.901772087,0.706350626,-0.319479304,0,1,2,NA,NA,NA,NA,NA,NA,NA,3,Ordered,gpcm,0,3.589386932,5.263756906,NA,NA,NA,NA,NA,NA,NA,NA,NA,NA,NA,NA,NA,NA
V108,1.994354729,-0.314696696,-0.52387617,0,1,2,NA,NA,NA,NA,NA,NA,NA,3,Ordered,gpcm,0,1.800580051,0.113478005,NA,NA,NA,NA,NA,NA,NA,NA,NA,NA,NA,NA,NA,NA
V109,1.132263376,1.320879596,-0.600060518,0,1,2,NA,NA,NA,NA,NA,NA,NA,3,Ordered,gpcm,0,3.333293285,0.812099038,NA,NA,NA,NA,NA,NA,NA,NA,NA,NA,NA,NA,NA,NA
V110,1.576729745,1.466677212,-2.056253914,0,1,NA,NA,NA,NA,NA,NA,NA,NA,2,BINARY,2PL,0,1.359800439,NA,NA,NA,NA,NA,NA,NA,NA,NA,NA,NA,NA,NA,NA,NA
V111,1.24598502,1.74200643,-2.141330097,0,1,2,NA,NA,NA,NA,NA,NA,NA,3,Ordered,gpcm,0,6.55500519,7.326015062,NA,NA,NA,NA,NA,NA,NA,NA,NA,NA,NA,NA,NA,NA
V112,0.270630565,1.94299234,-3.131988775,0,1,NA,NA,NA,NA,NA,NA,NA,NA,2,BINARY,2PL,0,2.626373858,NA,NA,NA,NA,NA,NA,NA,NA,NA,NA,NA,NA,NA,NA,NA
V113,0.225581933,1.486614305,-0.21319538,0,1,2,NA,NA,NA,NA,NA,NA,NA,3,Ordered,gpcm,0,3.934015798,2.878916545,NA,NA,NA,NA,NA,NA,NA,NA,NA,NA,NA,NA,NA,NA
V114,0.583961415,1.761770497,-1.21401613,0,1,2,NA,NA,NA,NA,NA,NA,NA,3,Ordered,gpcm,0,5.634399097,4.652071615,NA,NA,NA,NA,NA,NA,NA,NA,NA,NA,NA,NA,NA,NA
V115,1.392668031,2.058006314,-2.064354912,0,1,2,NA,NA,NA,NA,NA,NA,NA,3,Ordered,gpcm,0,6.918614779,7.855965017,NA,NA,NA,NA,NA,NA,NA,NA,NA,NA,NA,NA,NA,NA
V116,1.897674936,4.135091622,-5.141602417,0,1,2,3,NA,NA,NA,NA,NA,NA,4,Ordered,gpcm,0,11.76798204,18.55138728,3,11.46303753,NA,NA,NA,NA,NA,NA,NA,NA,NA,NA,NA,NA
V117,2.380963876,4.49552168,-4.760690608,0,1,2,3,NA,NA,NA,NA,NA,NA,4,Ordered,gpcm,0,13.06268721,17.57028027,3,8.793340003,NA,NA,NA,NA,NA,NA,NA,NA,NA,NA,NA,NA
V118,1.815066771,2.618154429,-2.502705715,0,1,2,NA,NA,NA,NA,NA,NA,NA,3,Ordered,gpcm,0,8.058474081,8.119055956,NA,NA,NA,NA,NA,NA,NA,NA,NA,NA,NA,NA,NA,NA
V119,1.098495243,3.92099088,-3.551601417,0,1,2,NA,NA,NA,NA,NA,NA,NA,3,Ordered,gpcm,0,10.28756987,2.657522421,NA,NA,NA,NA,NA,NA,NA,NA,NA,NA,NA,NA,NA,NA
V120,2.139240456,1.305574231,-3.332770705,0,1,NA,NA,NA,NA,NA,NA,NA,NA,2,BINARY,2PL,0,-0.466965544,NA,NA,NA,NA,NA,NA,NA,NA,NA,NA,NA,NA,NA,NA,NA
V121,1.801612151,1.250847385,-1.811539459,0,1,2,NA,NA,NA,NA,NA,NA,NA,3,Ordered,gpcm,0,6.261040707,5.369540425,NA,NA,NA,NA,NA,NA,NA,NA,NA,NA,NA,NA,NA,NA
V122,0.080940987,0.168368581,-1.930450232,0,1,NA,NA,NA,NA,NA,NA,NA,NA,2,BINARY,2PL,0,-1.202008569,NA,NA,NA,NA,NA,NA,NA,NA,NA,NA,NA,NA,NA,NA,NA
V123,1.866996808,1.480083701,-3.957570846,0,1,2,NA,NA,NA,NA,NA,NA,NA,3,Ordered,gpcm,0,8.194220412,5.130995114,NA,NA,NA,NA,NA,NA,NA,NA,NA,NA,NA,NA,NA,NA
V124,0.671656856,0.365581498,-1.068203212,0,1,NA,NA,NA,NA,NA,NA,NA,NA,2,BINARY,2PL,0,-1.570179571,NA,NA,NA,NA,NA,NA,NA,NA,NA,NA,NA,NA,NA,NA,NA
V126,0.344816818,1.494873176,-2.330926032,0,1,2,3,NA,NA,NA,NA,NA,NA,4,Ordered,gpcm,0,5.787052353,6.266119797,3,2.472126339,NA,NA,NA,NA,NA,NA,NA,NA,NA,NA,NA,NA
V127,0.435803033,-0.018723817,-0.176764548,0,1,2,NA,NA,NA,NA,NA,NA,NA,3,Ordered,gpcm,0,0.332321453,-1.377942919,NA,NA,NA,NA,NA,NA,NA,NA,NA,NA,NA,NA,NA,NA
V128,0.482932355,-0.022623057,0.665372851,0,1,NA,NA,NA,NA,NA,NA,NA,NA,2,BINARY,2PL,0,-1.127049856,NA,NA,NA,NA,NA,NA,NA,NA,NA,NA,NA,NA,NA,NA,NA
V129,1.96213628,-0.332590751,0.383774271,0,1,2,NA,NA,NA,NA,NA,NA,NA,3,Ordered,gpcm,0,2.618850523,1.553800544,NA,NA,NA,NA,NA,NA,NA,NA,NA,NA,NA,NA,NA,NA
V130,0.222509251,-0.227451226,0.404264335,0,1,NA,NA,NA,NA,NA,NA,NA,NA,2,BINARY,2PL,0,0.00550848,NA,NA,NA,NA,NA,NA,NA,NA,NA,NA,NA,NA,NA,NA,NA
V142,0.355221405,1.354276241,-2.323799059,0,1,NA,NA,NA,NA,NA,NA,NA,NA,2,BINARY,2PL,0,-1.15192703,NA,NA,NA,NA,NA,NA,NA,NA,NA,NA,NA,NA,NA,NA,NA
V225,1.768755393,-0.07144824,0.078082057,0,1,2,NA,NA,NA,NA,NA,NA,NA,3,Ordered,gpcm,0,1.252809065,-0.172024768,NA,NA,NA,NA,NA,NA,NA,NA,NA,NA,NA,NA,NA,NA
V226,-0.938522743,-0.422771197,-0.686991177,0,1,2,NA,NA,NA,NA,NA,NA,NA,3,Ordered,gpcm,0,-0.77118342,-3.900849139,NA,NA,NA,NA,NA,NA,NA,NA,NA,NA,NA,NA,NA,NA
V227,-0.890492626,-0.534764079,-0.54272743,0,1,2,NA,NA,NA,NA,NA,NA,NA,3,Ordered,gpcm,0,-1.298417582,-4.053719914,NA,NA,NA,NA,NA,NA,NA,NA,NA,NA,NA,NA,NA,NA
V217,-0.619035215,0.05168456,-0.800409623,0,1,2,3,4,NA,NA,NA,NA,NA,5,Ordered,gpcm,0,1.550785347,0.619139572,3,0.691671768,4,0.076096037,NA,NA,NA,NA,NA,NA,NA,NA,NA,NA
V218,-0.693933406,0.296931905,-0.706830612,0,1,2,3,NA,NA,NA,NA,NA,NA,4,Ordered,gpcm,0,3.719546475,4.048208589,3,3.718881522,NA,NA,NA,NA,NA,NA,NA,NA,NA,NA,NA,NA
V223,-0.885539854,0.130261834,-0.150691223,0,1,2,3,4,NA,NA,NA,NA,NA,5,Ordered,gpcm,0,0.658521961,0.419329058,3,0.556077445,4,1.686572357,NA,NA,NA,NA,NA,NA,NA,NA,NA,NA
V224,-0.016651919,-0.100151269,0.445091226,0,1,2,NA,NA,NA,NA,NA,NA,NA,3,Ordered,gpcm,0,-0.325083572,-3.585907471,NA,NA,NA,NA,NA,NA,NA,NA,NA,NA,NA,NA,NA,NA
V219,-1.62099943,0.144952707,0.480501517,0,1,2,NA,NA,NA,NA,NA,NA,NA,3,Ordered,gpcm,0,-4.708271056,-6.513570756,NA,NA,NA,NA,NA,NA,NA,NA,NA,NA,NA,NA,NA,NA
V220,-0.410718775,-0.22276864,-0.363021108,0,1,2,3,4,NA,NA,NA,NA,NA,5,Ordered,gpcm,0,0.094065269,-1.421741375,3,-2.622750145,4,-2.0100229,NA,NA,NA,NA,NA,NA,NA,NA,NA,NA
V221,0.14137253,-0.068913186,-0.077088767,0,1,2,3,4,NA,NA,NA,NA,NA,5,Ordered,gpcm,0,0.204548639,-1.59101532,3,-1.101694119,4,-0.050019665,NA,NA,NA,NA,NA,NA,NA,NA,NA,NA
V222,-1.116480983,0.277631345,-0.771886167,0,1,2,3,4,NA,NA,NA,NA,NA,5,Ordered,gpcm,0,4.037794739,4.163401734,3,5.604315936,4,7.120061387,NA,NA,NA,NA,NA,NA,NA,NA,NA,NA
V143,1.722057327,-0.710327764,0.33356257,0,1,NA,NA,NA,NA,NA,NA,NA,NA,2,BINARY,2PL,0,1.059892173,NA,NA,NA,NA,NA,NA,NA,NA,NA,NA,NA,NA,NA,NA,NA
V145,1.312602481,-1.071060124,0.258104986,0,1,2,3,4,5,6,NA,NA,NA,7,Ordered,gpcm,0,4.141995649,5.003912568,3,6.310386254,4,4.474109598,5,6,3.322323302,1.37758874,NA,NA,NA,NA,NA,NA
V146,1.784823239,-1.635091403,0.713504652,0,1,2,3,4,5,6,7,NA,NA,8,Ordered,gpcm,0,1.878911188,2.317177309,3,1.48492041,4,-0.11065856,5,6,-2.89424642,-4.538241344,7,-7.223490368,NA,NA,NA,NA
V153,6.035987489,-3.093486631,3.260585187,0,1,2,3,NA,NA,NA,NA,NA,NA,4,Ordered,gpcm,0,6.948561045,8.529011068,3,-2.339987102,NA,NA,NA,NA,NA,NA,NA,NA,NA,NA,NA,NA
V154,4.932380744,0.420272742,2.821376707,0,1,2,3,NA,NA,NA,NA,NA,NA,4,Ordered,gpcm,0,4.750874788,6.660385036,3,-2.507507671,NA,NA,NA,NA,NA,NA,NA,NA,NA,NA,NA,NA
V155,0.130324689,-1.104584727,-1.384903875,0,1,2,3,NA,NA,NA,NA,NA,NA,4,Ordered,gpcm,0,4.499745589,5.48643311,3,1.759744794,NA,NA,NA,NA,NA,NA,NA,NA,NA,NA,NA,NA
V156,-0.706981467,-0.665694282,-1.058562009,0,1,NA,NA,NA,NA,NA,NA,NA,NA,2,BINARY,2PL,0,-2.496102209,NA,NA,NA,NA,NA,NA,NA,NA,NA,NA,NA,NA,NA,NA,NA
V211,1.693365529,-0.717306459,0.157729829,0,1,NA,NA,NA,NA,NA,NA,NA,NA,2,BINARY,2PL,0,-0.886052508,NA,NA,NA,NA,NA,NA,NA,NA,NA,NA,NA,NA,NA,NA,NA
V103,0.252793389,2.912346191,-0.484394378,0,1,NA,NA,NA,NA,NA,NA,NA,NA,2,BINARY,2PL,0,-4.564831016,NA,NA,NA,NA,NA,NA,NA,NA,NA,NA,NA,NA,NA,NA,NA
V104,0.071080393,4.439215908,-0.87262188,0,1,NA,NA,NA,NA,NA,NA,NA,NA,2,BINARY,2PL,0,-7.446924908,NA,NA,NA,NA,NA,NA,NA,NA,NA,NA,NA,NA,NA,NA,NA
V105,-0.705905867,1.700739115,-1.03176708,0,1,2,NA,NA,NA,NA,NA,NA,NA,3,Ordered,gpcm,0,5.355712685,2.336897401,NA,NA,NA,NA,NA,NA,NA,NA,NA,NA,NA,NA,NA,NA
V106,-1.812719138,-0.645436546,-2.60748832,0,1,2,NA,NA,NA,NA,NA,NA,NA,3,Ordered,gpcm,0,2.162224756,-2.802563769,NA,NA,NA,NA,NA,NA,NA,NA,NA,NA,NA,NA,NA,NA
V107,-1.289756975,0.533894077,-0.862964766,0,1,2,NA,NA,NA,NA,NA,NA,NA,3,Ordered,gpcm,0,1.528010002,-2.498994227,NA,NA,NA,NA,NA,NA,NA,NA,NA,NA,NA,NA,NA,NA
V212,1.325256158,-0.697233955,-1.572712841,0,1,2,NA,NA,NA,NA,NA,NA,NA,3,Ordered,gpcm,0,3.025875181,-1.032996964,NA,NA,NA,NA,NA,NA,NA,NA,NA,NA,NA,NA,NA,NA
V213,0.718325591,-0.572939874,-0.022723271,0,1,2,NA,NA,NA,NA,NA,NA,NA,3,Ordered,gpcm,0,1.289634779,-1.392899545,NA,NA,NA,NA,NA,NA,NA,NA,NA,NA,NA,NA,NA,NA
V214,1.349967352,0.36056563,0.15212815,0,1,NA,NA,NA,NA,NA,NA,NA,NA,2,BINARY,2PL,0,-0.912898661,NA,NA,NA,NA,NA,NA,NA,NA,NA,NA,NA,NA,NA,NA,NA
V216,0.077888105,-0.853169444,0.245957091,0,1,2,3,NA,NA,NA,NA,NA,NA,4,Ordered,gpcm,0,1.890392335,-0.179519087,3,-1.968642536,NA,NA,NA,NA,NA,NA,NA,NA,NA,NA,NA,NA
V170,0.005959637,0.601194164,0.858659757,0,1,2,NA,NA,NA,NA,NA,NA,NA,3,Ordered,gpcm,0,1.786656662,-2.496869473,NA,NA,NA,NA,NA,NA,NA,NA,NA,NA,NA,NA,NA,NA
V171,0.731757706,-1.463278201,-0.260950787,0,1,2,NA,NA,NA,NA,NA,NA,NA,3,Ordered,gpcm,0,4.897673407,4.03667326,NA,NA,NA,NA,NA,NA,NA,NA,NA,NA,NA,NA,NA,NA
V172,-0.108582124,-0.788662383,-0.57899344,0,1,2,NA,NA,NA,NA,NA,NA,NA,3,Ordered,gpcm,0,1.315967723,0.606446911,NA,NA,NA,NA,NA,NA,NA,NA,NA,NA,NA,NA,NA,NA
V173,1.421829138,-0.956597908,0.071445505,0,1,NA,NA,NA,NA,NA,NA,NA,NA,2,BINARY,2PL,0,2.124669975,NA,NA,NA,NA,NA,NA,NA,NA,NA,NA,NA,NA,NA,NA,NA
V174,0.817067211,-0.668279369,-0.723196294,0,1,NA,NA,NA,NA,NA,NA,NA,NA,2,BINARY,2PL,0,3.427337137,NA,NA,NA,NA,NA,NA,NA,NA,NA,NA,NA,NA,NA,NA,NA
V175,0.325637562,-1.631642963,-0.189035702,0,1,2,NA,NA,NA,NA,NA,NA,NA,3,Ordered,gpcm,0,4.473012746,5.706606213,NA,NA,NA,NA,NA,NA,NA,NA,NA,NA,NA,NA,NA,NA
V181,1.478999131,-0.529611286,0.199895722,0,1,2,NA,NA,NA,NA,NA,NA,NA,3,Ordered,gpcm,0,0.992301099,-0.592925379,NA,NA,NA,NA,NA,NA,NA,NA,NA,NA,NA,NA,NA,NA
V182,2.053777676,-0.867586601,0.588078394,0,1,2,NA,NA,NA,NA,NA,NA,NA,3,Ordered,gpcm,0,1.281478587,-1.015269512,NA,NA,NA,NA,NA,NA,NA,NA,NA,NA,NA,NA,NA,NA
V183,1.750483114,-0.374882057,0.687557846,0,1,2,3,NA,NA,NA,NA,NA,NA,4,Ordered,gpcm,0,1.017248734,-0.652889164,3,-4.821452961,NA,NA,NA,NA,NA,NA,NA,NA,NA,NA,NA,NA
V184,1.347149449,-0.402868611,0.743623922,0,1,2,NA,NA,NA,NA,NA,NA,NA,3,Ordered,gpcm,0,0.723637354,-0.057893141,NA,NA,NA,NA,NA,NA,NA,NA,NA,NA,NA,NA,NA,NA
V185,2.472402281,-0.868781043,1.075530908,0,1,2,3,NA,NA,NA,NA,NA,NA,4,Ordered,gpcm,0,2.028202061,0.822109977,3,-3.327657462,NA,NA,NA,NA,NA,NA,NA,NA,NA,NA,NA,NA
V186,0.614479249,-0.511642275,0.134646892,0,1,2,3,NA,NA,NA,NA,NA,NA,4,Ordered,gpcm,0,1.150092655,2.471349108,3,0.605017832,NA,NA,NA,NA,NA,NA,NA,NA,NA,NA,NA,NA
V188,1.596154334,-1.142950458,-0.487415085,0,1,2,NA,NA,NA,NA,NA,NA,NA,3,Ordered,gpcm,0,4.340945039,6.944807734,NA,NA,NA,NA,NA,NA,NA,NA,NA,NA,NA,NA,NA,NA
V189,0.462579005,-2.963079857,-0.43954199,0,1,NA,NA,NA,NA,NA,NA,NA,NA,2,BINARY,2PL,0,2.447144079,NA,NA,NA,NA,NA,NA,NA,NA,NA,NA,NA,NA,NA,NA,NA
V190,1.745560688,-0.01170031,0.171083535,0,1,2,NA,NA,NA,NA,NA,NA,NA,3,Ordered,gpcm,0,3.022853201,4.811272116,NA,NA,NA,NA,NA,NA,NA,NA,NA,NA,NA,NA,NA,NA
V191,1.029462905,0.255059661,0.096730011,0,1,2,NA,NA,NA,NA,NA,NA,NA,3,Ordered,gpcm,0,1.090345572,1.333847193,NA,NA,NA,NA,NA,NA,NA,NA,NA,NA,NA,NA,NA,NA
V23,0.552133945,0.690807655,0.756927775,0,1,2,3,4,NA,NA,NA,NA,NA,5,Ordered,gpcm,0,2.467229559,3.35793743,3,2.9430753,4,-0.162059789,NA,NA,NA,NA,NA,NA,NA,NA,NA,NA
V56,-0.030193328,-0.561511714,0.700595299,0,1,2,3,4,NA,NA,NA,NA,NA,5,Ordered,gpcm,0,3.835669394,3.644247919,3,2.850365473,4,-0.204230629,NA,NA,NA,NA,NA,NA,NA,NA,NA,NA
V55,-0.023759579,0.976697564,0.784136301,0,1,2,3,NA,NA,NA,NA,NA,NA,4,Ordered,gpcm,0,1.812162852,1.533700913,3,-1.370650467,NA,NA,NA,NA,NA,NA,NA,NA,NA,NA,NA,NA
V157,-0.033773281,0.617626479,0.121680953,0,1,2,3,4,NA,NA,NA,NA,NA,5,Ordered,gpcm,0,1.630967878,0.088729427,3,-0.957924636,4,-2.868902319,NA,NA,NA,NA,NA,NA,NA,NA,NA,NA
V158,-0.286226368,-0.394864333,0.336258933,0,1,2,3,NA,NA,NA,NA,NA,NA,4,Ordered,gpcm,0,1.802579657,3.296623637,3,1.962275394,NA,NA,NA,NA,NA,NA,NA,NA,NA,NA,NA,NA
V159,-0.812884466,0.071881225,0.077396962,0,1,2,3,4,5,NA,NA,NA,NA,6,Ordered,gpcm,0,1.77119685,3.022996643,3,2.299441213,4,2.385986691,5,NA,0.682660215,NA,NA,NA,NA,NA,NA,NA
V160,0.042140468,0.058744573,-0.012493695,0,1,2,3,4,NA,NA,NA,NA,NA,5,Ordered,gpcm,0,2.198458684,3.329593601,3,2.772533462,4,0.686461436,NA,NA,NA,NA,NA,NA,NA,NA,NA,NA
V164,-0.08279156,0.14300124,0.264722437,0,1,2,3,4,5,NA,NA,NA,NA,6,Ordered,gpcm,0,1.292796948,1.567352701,3,2.385921969,4,2.655686452,5,NA,1.361595789,NA,NA,NA,NA,NA,NA,NA
V59,0.631618899,0.658316443,0.847635218,0,1,2,3,4,NA,NA,NA,NA,NA,5,Ordered,gpcm,0,2.56245093,3.613564775,3,2.698938358,4,-0.286313679,NA,NA,NA,NA,NA,NA,NA,NA,NA,NA
V95,-1.294323218,0.124988599,-0.04175231,0,1,2,3,NA,NA,NA,NA,NA,NA,4,Ordered,gpcm,0,-0.642105237,-3.679508209,3,-5.514534572,NA,NA,NA,NA,NA,NA,NA,NA,NA,NA,NA,NA
V96,-0.353145582,0.381606881,-0.200374988,0,1,2,3,4,5,NA,NA,NA,NA,6,Ordered,gpcm,0,0.043179192,1.266714273,3,1.395665332,4,0.731718418,5,NA,-0.536265028,NA,NA,NA,NA,NA,NA,NA
V97,-0.304552985,-0.059107466,-0.543280996,0,1,2,3,4,5,NA,NA,NA,NA,6,Ordered,gpcm,0,-0.243398017,3.060614891,3,3.223773176,4,1.94778493,5,NA,-0.709632099,NA,NA,NA,NA,NA,NA,NA
V98,0.393378334,0.330640292,1.11006017,0,1,2,3,4,5,NA,NA,NA,NA,6,Ordered,gpcm,0,1.550955859,1.355085903,3,1.30378843,4,0.031706913,5,NA,-2.350886226,NA,NA,NA,NA,NA,NA,NA
V99,0.50652163,-0.109045814,0.726610776,0,1,2,3,4,NA,NA,NA,NA,NA,5,Ordered,gpcm,0,1.555626971,2.557668524,3,2.673986478,4,1.328401849,NA,NA,NA,NA,NA,NA,NA,NA,NA,NA
V100,0.375895767,-0.22921838,0.297765778,0,1,2,3,4,5,6,NA,NA,NA,7,Ordered,gpcm,0,1.444539471,2.209153114,3,1.936273278,4,1.923570162,5,6,-1.06058074,-1.574145727,NA,NA,NA,NA,NA,NA
V101,-0.218405195,0.164391369,-0.007145762,0,1,2,3,4,NA,NA,NA,NA,NA,5,Ordered,gpcm,0,1.170759027,0.396194489,3,0.345435867,4,-1.471753791,NA,NA,NA,NA,NA,NA,NA,NA,NA,NA
V131,-0.079971169,-0.737545041,-0.372838201,0,1,2,3,4,5,6,NA,NA,NA,7,Ordered,gpcm,0,3.180042371,3.852146761,3,3.858792257,4,3.649707718,5,6,1.100142099,-0.449624964,NA,NA,NA,NA,NA,NA
V132,-2.038541545,0.392050632,-0.496736382,0,1,2,3,4,5,6,7,NA,NA,8,Ordered,gpcm,0,2.509602922,4.300370087,3,3.986040601,4,3.06994795,5,6,0.433131248,-1.853188495,7,-5.190878971,NA,NA,NA,NA
V134,-0.094762027,-0.556898971,-0.55638878,0,1,2,3,4,5,NA,NA,NA,NA,6,Ordered,gpcm,0,1.725703469,2.545642797,3,2.727399802,4,2.190328278,5,NA,-1.032425062,NA,NA,NA,NA,NA,NA,NA
V135,-1.215782014,0.025284413,-0.172656192,0,1,2,3,4,5,6,7,NA,NA,8,Ordered,gpcm,0,1.924262947,1.600514395,3,2.528815356,4,2.819471567,5,6,1.065501012,-0.972307727,7,-2.752749478,NA,NA,NA,NA
V136,0.389150851,-0.472411943,-0.376771202,0,1,2,3,4,NA,NA,NA,NA,NA,5,Ordered,gpcm,0,1.686034859,2.261417538,3,1.712974586,4,0.264594896,NA,NA,NA,NA,NA,NA,NA,NA,NA,NA
V137,-0.454817845,-0.436827948,-0.334136784,0,1,2,3,4,5,6,7,NA,NA,8,Ordered,gpcm,0,2.162767724,2.076610964,3,4.028639207,4,4.698190803,5,6,4.848235333,3.638967088,7,1.828049168,NA,NA,NA,NA
V138,-0.905886783,0.014332482,-0.115522933,0,1,2,3,4,5,6,7,8,9,10,Ordered,gpcm,0,1.527532528,2.876424042,3,4.638239308,4,7.376292088,5,6,7.373703076,7.10446279,7,5.937207055,8,9,4.590298798,2.751883837
V141,0.40738564,0.190776927,1.276051217,0,1,2,3,4,NA,NA,NA,NA,NA,5,Ordered,gpcm,0,2.675273972,2.885483579,3,3.19496473,4,1.33591185,NA,NA,NA,NA,NA,NA,NA,NA,NA,NA
V192,-1.023020929,-1.200404184,-0.714770373,0,1,2,3,NA,NA,NA,NA,NA,NA,4,Ordered,gpcm,0,2.28654258,0.364540046,3,-2.448822042,NA,NA,NA,NA,NA,NA,NA,NA,NA,NA,NA,NA
V194,-0.300013197,0.347638897,0.268574992,0,1,2,3,4,5,6,NA,NA,NA,7,Ordered,gpcm,0,1.077731187,1.09593136,3,3.310232884,4,2.879062933,5,6,2.040133268,-0.451983002,NA,NA,NA,NA,NA,NA
V197,-0.39904936,-1.533898246,-0.505335055,0,1,2,3,4,NA,NA,NA,NA,NA,5,Ordered,gpcm,0,2.833859796,2.700287247,3,-0.372181997,4,-2.879271693,NA,NA,NA,NA,NA,NA,NA,NA,NA,NA
V198,-0.086886833,0.162261656,0.19365363,0,1,2,3,4,NA,NA,NA,NA,NA,5,Ordered,gpcm,0,-0.673778849,-1.623560611,3,-2.114803607,4,-3.653951535,NA,NA,NA,NA,NA,NA,NA,NA,NA,NA
V200,-1.264177013,4.446519663,10.72909914,0,1,2,NA,NA,NA,NA,NA,NA,NA,3,Ordered,gpcm,0,-16.23276946,-33.18171722,NA,NA,NA,NA,NA,NA,NA,NA,NA,NA,NA,NA,NA,NA
V209,-0.483230867,0.11558373,0.080155792,0,1,2,3,4,5,NA,NA,NA,NA,6,Ordered,gpcm,0,-1.425195381,-1.647091364,3,-2.26006508,4,-2.178304445,5,NA,-4.379308274,NA,NA,NA,NA,NA,NA,NA
V210,-0.734674968,0.53551214,1.592341472,0,1,2,NA,NA,NA,NA,NA,NA,NA,3,Ordered,gpcm,0,-3.364477831,-6.907507526,NA,NA,NA,NA,NA,NA,NA,NA,NA,NA,NA,NA,NA,NA
V199,-0.202070581,0.042437747,0.290686346,0,1,2,3,NA,NA,NA,NA,NA,NA,4,Ordered,gpcm,0,-0.859767342,-2.173512217,3,-2.320818942,NA,NA,NA,NA,NA,NA,NA,NA,NA,NA,NA,NA
V201,-0.735105806,0.254470583,0.023016208,0,1,2,NA,NA,NA,NA,NA,NA,NA,3,Ordered,gpcm,0,-1.674936903,-3.202306021,NA,NA,NA,NA,NA,NA,NA,NA,NA,NA,NA,NA,NA,NA
V202,-1.12180286,2.32103762,7.402209101,0,1,2,3,NA,NA,NA,NA,NA,NA,4,Ordered,gpcm,0,-10.86411937,-21.01841317,3,-32.19042835,NA,NA,NA,NA,NA,NA,NA,NA,NA,NA,NA,NA
V203,2.587273122,0.547195063,1.79641671,0,1,2,3,4,5,6,7,NA,NA,8,Ordered,gpcm,0,-0.816973133,-1.906684644,3,-3.958108542,4,-4.588973199,5,6,-7.662512454,-12.37276834,7,-17.24670466,NA,NA,NA,NA
V204,1.76428425,-0.683126096,0.592443471,0,1,2,3,4,5,6,7,8,NA,9,Ordered,gpcm,0,-0.582006362,-0.711113826,3,-2.843128357,4,-3.729341176,5,6,-8.088585932,-10.97930272,7,-14.38587016,8,NA,-18.19977766,NA
V205,1.96411065,0.187047979,0.188525499,0,1,2,3,4,5,6,7,8,9,10,Ordered,gpcm,0,2.465325902,3.85172871,3,3.629903396,4,4.813646219,5,6,3.318775899,1.056541476,7,-0.84989524,8,9,-5.507340265,-8.952372491
V207,2.077362268,0.213521654,3.924622439,0,1,2,3,NA,NA,NA,NA,NA,NA,4,Ordered,gpcm,0,-3.723797895,-9.195532463,3,-16.41100947,NA,NA,NA,NA,NA,NA,NA,NA,NA,NA,NA,NA
V206,0.877687698,0.134728997,-0.020375562,0,1,2,3,4,5,6,7,8,9,10,Ordered,gpcm,0,-1.112857098,-1.103180248,3,-0.45721362,4,0.890656869,5,6,0.269614037,-1.400161408,7,-0.972181615,8,9,-2.627214913,-3.812023201
V208,-1.300242553,0.596905021,0.281884505,0,1,2,3,NA,NA,NA,NA,NA,NA,4,Ordered,gpcm,0,-3.001722572,-5.785427455,3,-7.61359533,NA,NA,NA,NA,NA,NA,NA,NA,NA,NA,NA,NA
V195,-0.814655582,1.376279236,-0.183270139,0,1,2,3,4,NA,NA,NA,NA,NA,5,Ordered,gpcm,0,2.13529918,5.480296083,3,4.574372431,4,1.468038548,NA,NA,NA,NA,NA,NA,NA,NA,NA,NA
V196,-0.137792311,0.237322785,0.351305513,0,1,2,3,4,5,NA,NA,NA,NA,6,Ordered,gpcm,0,2.047543189,2.097739073,3,2.920662646,4,1.163806038,5,NA,-0.722366955,NA,NA,NA,NA,NA,NA,NA
V25,-0.146562786,1.837263431,1.622580614,0.00,1.03,2.00,NA,NA,NA,NA,NA,NA,NA,3,Ordered,gpcm,0,-4.711238345,-5.004032363,NA,NA,NA,NA,NA,NA,NA,NA,NA,NA,NA,NA,NA,NA
V61,-0.179948412,-0.169968321,-0.27481391,0.00,2.23,-3.94,3,NA,NA,NA,NA,NA,NA,4,NOT ORDERED,nominal,0,1.452186648,2.761048442,3,0.557998403,NA,NA,NA,NA,NA,NA,NA,NA,NA,NA,NA,NA
V62,3.431932679,0.590769832,3.123716005,0.00,0.38,0.13,3,NA,NA,NA,NA,NA,NA,4,NOT ORDERED,nominal,0,-3.123557361,-1.01483326,3,-24.16053615,NA,NA,NA,NA,NA,NA,NA,NA,NA,NA,NA,NA
V63,0.486399003,0.212364554,0.240511608,0.00,2.80,0.07,3,NA,NA,NA,NA,NA,NA,4,NOT ORDERED,nominal,0,-0.060673748,2.67173041,3,-0.159187285,NA,NA,NA,NA,NA,NA,NA,NA,NA,NA,NA,NA
V64,0.115070179,4.273756059,-1.59723025,0.00,1.00,NA,NA,NA,NA,NA,NA,NA,NA,2,BINARY,2PL,0,-6.751899396,NA,NA,NA,NA,NA,NA,NA,NA,NA,NA,NA,NA,NA,NA,NA
V65,-0.060151996,0.089359486,-0.01830768,0.00,-10.76,23.48,3,NA,NA,NA,NA,NA,NA,4,NOT ORDERED,nominal,0,1.308844996,-0.795056125,3,3.800102663,NA,NA,NA,NA,NA,NA,NA,NA,NA,NA,NA,NA
V80,2.138279459,-2.337679543,-1.166030453,0.00,1.00,NA,NA,NA,NA,NA,NA,NA,NA,2,BINARY,2PL,0,-6.726492636,NA,NA,NA,NA,NA,NA,NA,NA,NA,NA,NA,NA,NA,NA,NA
V81,-0.209329042,0.496433138,-0.712737825,0.00,1.00,NA,NA,NA,NA,NA,NA,NA,NA,2,BINARY,2PL,0,-0.424067939,NA,NA,NA,NA,NA,NA,NA,NA,NA,NA,NA,NA,NA,NA,NA
V147,0.475245481,-0.717441162,0.254133797,0.00,2.88,2.00,NA,NA,NA,NA,NA,NA,NA,3,NOT ORDERED,nominal,0,-2.924395208,-4.434290287,NA,NA,NA,NA,NA,NA,NA,NA,NA,NA,NA,NA,NA,NA
V150,1.05428227,-0.015012615,0.769474222,0.00,1.00,NA,NA,NA,NA,NA,NA,NA,NA,2,BINARY,2PL,0,2.187569028,NA,NA,NA,NA,NA,NA,NA,NA,NA,NA,NA,NA,NA,NA,NA
V151,3.518204952,-0.453782227,0.777275732,0.00,1.98,2.00,NA,NA,NA,NA,NA,NA,NA,3,Ordered,gpcm,0,5.995539362,2.089700138,NA,NA,NA,NA,NA,NA,NA,NA,NA,NA,NA,NA,NA,NA
V13,0.810755878,0.867630274,-0.445854716,0.00,1.00,NA,NA,NA,NA,NA,NA,NA,NA,2,BINARY,2PL,0,-0.821746318,NA,NA,NA,NA,NA,NA,NA,NA,NA,NA,NA,NA,NA,NA,NA
V14,-3.712148962,3.276710178,0.60781181,0.00,1.00,NA,NA,NA,NA,NA,NA,NA,NA,2,BINARY,2PL,0,-6.989287017,NA,NA,NA,NA,NA,NA,NA,NA,NA,NA,NA,NA,NA,NA,NA
V15,2.976622573,0.52837868,-1.023749077,0.00,1.00,NA,NA,NA,NA,NA,NA,NA,NA,2,BINARY,2PL,0,6.417092208,NA,NA,NA,NA,NA,NA,NA,NA,NA,NA,NA,NA,NA,NA,NA
V16,0.317833018,0.116497978,-0.240532484,0.00,1.00,NA,NA,NA,NA,NA,NA,NA,NA,2,BINARY,2PL,0,-3.370399363,NA,NA,NA,NA,NA,NA,NA,NA,NA,NA,NA,NA,NA,NA,NA
V17,0.07533996,1.495245752,-0.346413175,0.00,1.00,NA,NA,NA,NA,NA,NA,NA,NA,2,BINARY,2PL,0,1.789040163,NA,NA,NA,NA,NA,NA,NA,NA,NA,NA,NA,NA,NA,NA,NA
V18,-0.292686217,1.083251718,-0.727236378,0.00,1.00,NA,NA,NA,NA,NA,NA,NA,NA,2,BINARY,2PL,0,1.883160228,NA,NA,NA,NA,NA,NA,NA,NA,NA,NA,NA,NA,NA,NA,NA
V19,4.804995222,-2.30312563,2.551534389,0.00,1.00,NA,NA,NA,NA,NA,NA,NA,NA,2,BINARY,2PL,0,2.598508379,NA,NA,NA,NA,NA,NA,NA,NA,NA,NA,NA,NA,NA,NA,NA
V20,0.338924475,-0.427470019,-1.233421179,0.00,1.00,NA,NA,NA,NA,NA,NA,NA,NA,2,BINARY,2PL,0,3.048233002,NA,NA,NA,NA,NA,NA,NA,NA,NA,NA,NA,NA,NA,NA,NA
V21,0.937895676,-1.466556185,0.168779181,0.00,1.00,NA,NA,NA,NA,NA,NA,NA,NA,2,BINARY,2PL,0,1.253647661,NA,NA,NA,NA,NA,NA,NA,NA,NA,NA,NA,NA,NA,NA,NA
V22,0.344788397,1.689333925,-0.220072469,0.00,1.00,NA,NA,NA,NA,NA,NA,NA,NA,2,BINARY,2PL,0,3.700027126,NA,NA,NA,NA,NA,NA,NA,NA,NA,NA,NA,NA,NA,NA,NA
V24,-6.810338717,5.940667449,-8.991690083,0.00,1.00,NA,NA,NA,NA,NA,NA,NA,NA,2,BINARY,2PL,0,14.84956549,NA,NA,NA,NA,NA,NA,NA,NA,NA,NA,NA,NA,NA,NA,NA
V37,1.902577902,1.810829071,1.826547469,0.00,1.00,NA,NA,NA,NA,NA,NA,NA,NA,2,BINARY,2PL,0,5.941679181,NA,NA,NA,NA,NA,NA,NA,NA,NA,NA,NA,NA,NA,NA,NA
V38,1.850761008,2.126751541,0.826612304,0.00,1.00,NA,NA,NA,NA,NA,NA,NA,NA,2,BINARY,2PL,0,0.79599002,NA,NA,NA,NA,NA,NA,NA,NA,NA,NA,NA,NA,NA,NA,NA
V39,2.42691037,0.055651043,0.298314083,0.00,1.00,NA,NA,NA,NA,NA,NA,NA,NA,2,BINARY,2PL,0,4.05547999,NA,NA,NA,NA,NA,NA,NA,NA,NA,NA,NA,NA,NA,NA,NA
V40,11.55506669,4.136349262,11.00357274,0.00,1.00,NA,NA,NA,NA,NA,NA,NA,NA,2,BINARY,2PL,0,-2.529090865,NA,NA,NA,NA,NA,NA,NA,NA,NA,NA,NA,NA,NA,NA,NA
V41,1.526547655,1.742199119,3.461683504,0.00,1.00,NA,NA,NA,NA,NA,NA,NA,NA,2,BINARY,2PL,0,6.659714172,NA,NA,NA,NA,NA,NA,NA,NA,NA,NA,NA,NA,NA,NA,NA
V42,2.325723998,2.456172105,0.863280951,0.00,1.00,NA,NA,NA,NA,NA,NA,NA,NA,2,BINARY,2PL,0,-4.831794491,NA,NA,NA,NA,NA,NA,NA,NA,NA,NA,NA,NA,NA,NA,NA
V43,6.87606372,2.12417191,3.164032492,0.00,1.00,NA,NA,NA,NA,NA,NA,NA,NA,2,BINARY,2PL,0,5.610593793,NA,NA,NA,NA,NA,NA,NA,NA,NA,NA,NA,NA,NA,NA,NA
V66,2.038263658,0.533265271,-0.24797079,0.00,1.00,NA,NA,NA,NA,NA,NA,NA,NA,2,BINARY,2PL,0,-2.855303647,NA,NA,NA,NA,NA,NA,NA,NA,NA,NA,NA,NA,NA,NA,NA
V148,1.547128663,-1.941824087,2.952106184,0.00,1.00,NA,NA,NA,NA,NA,NA,NA,NA,2,BINARY,2PL,0,-5.219707311,NA,NA,NA,NA,NA,NA,NA,NA,NA,NA,NA,NA,NA,NA,NA
V149,1.891352271,-0.74622108,0.190349635,0.00,1.00,NA,NA,NA,NA,NA,NA,NA,NA,2,BINARY,2PL,0,-1.203209555,NA,NA,NA,NA,NA,NA,NA,NA,NA,NA,NA,NA,NA,NA,NA
V176,-0.128193096,0.130319985,-0.883111223,0.00,1.00,NA,NA,NA,NA,NA,NA,NA,NA,2,BINARY,2PL,0,-0.850000327,NA,NA,NA,NA,NA,NA,NA,NA,NA,NA,NA,NA,NA,NA,NA
V177,0.633075258,0.121492542,0,0.00,1.00,NA,NA,NA,NA,NA,NA,NA,NA,2,BINARY,2PL,0,-0.105338302,NA,NA,NA,NA,NA,NA,NA,NA,NA,NA,NA,NA,NA,NA,NA
V187,0.114786093,0,0,0.00,1.00,NA,NA,NA,NA,NA,NA,NA,NA,2,BINARY,2PL,0,1.406022562,NA,NA,NA,NA,NA,NA,NA,NA,NA,NA,NA,NA,NA,NA,NA
