Country,Units,1980,1981,1982,1983,1984,1985,1986,1987,1988,1989,1990,1991,1992,1993,1994,1995,1996,1997,1998,1999,2000,2001,2002,2003,2004,2005,2006,2007,2008,2009,2010,2011,2012,2013,2014,2015
Afghanistan,Million Kw,0,0,0,0,0,0,0,0,0,0,0,0,0,0,0,0,0,0,0,0,0,0,0,0,0,0,0,0,7.00E-05,7.00E-05,7.00E-05,7.00E-05,0.0001,0.0011,0.0011,0.0011
Albania,Million Kw,0,0,0,0,0,0,0,0,0,0,0,0,0,0,0,0,0,0,0,0,0,0,0,0,0,0,0,0,0,0,0,0.001,0.001,0.001,0.001,0.001
Algeria,Million Kw,0,0,0,0,0,0,0,0,0,0,0,0,0,0,0,0,0,0,0,0,0,0,0,0,0,0.002,0.002,0.002,0.002,0.002,0.0021,0.0271,0.0271,0.037,0.038,0.089
American Samoa,Million Kw,0,0,0,0,0,0,0,0,0,0,0,0,0,0,0,0,0,0,0,0,0,0,0,0,0,0,0,0,0,0,0,0,0,0,0,0
Angola,Million Kw,0,0,0,0,0,0,0,0,0,0,0,0,0,0,0,0,0,0,0,0,0,0,0,0,0,0,0,0,0,0,0.007,0.008,0.01,0.011,0.012,0.014
Antarctica,Million Kw,0,0,0,0,0,0,0,0,0,0,0,0,0,0,0,0,0,0,0,0,0,0,0,0,0,0,0,0,0.0006,0.001,0.001,0.0016,0.0016,0.0016,0.0016,0.0016
Antigua and Barbuda,Million Kw,0,0,0,0,0,0,0,0,0,0,0,0,0,0,0,0,0,0,0,0,0,0,0,0,0,0,0,0,0,0,0,0,0,0,0,0.003
Argentina,Million Kw,0,0,0,0,0,0,0,0,0,0,0,0,0,0,0,0,0,0,0,0,0,0,0,0,0,0.567,0.567,0.578,0.601,0.607,0.624,0.738,0.7799,0.8671,0.938,0.947
Armenia,Million Kw,--,--,--,--,--,--,--,--,--,--,--,--,0,0,0,0,0,0,0,0,0,0,0,0,0,0,0.00264,0.00264,0.00364,0.00364,0.00364,0.0036,0.004,0.004,0.004,0.005
Aruba,Million Kw,--,--,--,--,--,--,0,0,0,0,0,0,0,0,0,0,0,0,0,0,0,0,0,0,0,0,0,0,0,0.03,0.03,0.03,0.031,0.032,0.037,0.038
Australia,Million Kw,0,0,0,0,0,0,0,0,0,0,0,0,0,0,0,0,0,0,0,0,0,0,0,0,0,1.549,1.705,2.163,2.312,2.632,3.093,4.352,5.825,7.298,8.63,9.422
Austria,Million Kw,0,0,0,0,0,0,0,0,0,0,0,0,0,0,0,0,0,0,0,0,0,0,0,0,0,2.825,3.301,3.578,3.639,3.782,3.851,4.199,4.461,4.612,4.984,5.665
Azerbaijan,Million Kw,--,--,--,--,--,--,--,--,--,--,--,--,0,0,0,0,0,0,0,0,0,0,0,0,0,0,0,0.0022,0.0022,0.0022,0.002,0.004,0.043,0.045,0.046,0.066
"Bahamas, The",Million Kw,0,0,0,0,0,0,0,0,0,0,0,0,0,0,0,0,0,0,0,0,0,0,0,0,0,0,0,0,0,0,0,0,0.001,0.001,0.001,0.001
Bahrain,Million Kw,0,0,0,0,0,0,0,0,0,0,0,0,0,0,0,0,0,0,0,0,0,0,0,0,0,0,0,0,0.00083,0.00083,0.00083,0.00083,0.001,0.001,0.006,0.006
Bangladesh,Million Kw,0,0,0,0,0,0,0,0,0,0,0,0,0,0,0,0,0,0,0,0,0,0,0,0,0,0.0029,0.0059,0.0089,0.0109,0.0239,0.0399,0.0499,0.078,0.112,0.142,0.172
Barbados,Million Kw,0,0,0,0,0,0,0,0,0,0,0,0,0,0,0,0,0,0,0,0,0,0,0,0,0,0,0,0.001,0.001,0.001,0.001,0.002,0.002,0.003,0.007,0.009
Belarus,Million Kw,--,--,--,--,--,--,--,--,--,--,--,--,0,0,0,0,0,0,0,0,0,0,0,0,0,0.002,0.006,0.008,0.008,0.01,0.012,0.012,0.012,0.015,0.046,0.047
Belgium,Million Kw,0,0,0,0,0,0,0,0,0,0,0,0,0,0,0,0,0,0,0,0,0,0,0,0,0,0.858,0.975,1.078,1.285,2.113,3.057,3.723,5.178,5.87,6.071,6.442
Belize,Million Kw,0,0,0,0,0,0,0,0,0,0,0,0,0,0,0,0,0,0,0,0,0,0,0,0,0,0.00601,0.00601,0.00601,0.00601,0.03001,0.03101,0.03201,0.034,0.034,0.035,0.037
Benin,Million Kw,0,0,0,0,0,0,0,0,0,0,0,0,0,0,0,0,0,0,0,0,0,0,0,0,0,0,0,0,0,0,0,0.001,0.001,0.001,0.001,0.005
Bermuda,Million Kw,0,0,0,0,0,0,0,0,0,0,0,0,0,0,0,0,0,0,0,0,0,0,0,0,0,0,0,0,0,0,0,0,0,0,0,0
Bhutan,Million Kw,0,0,0,0,0,0,0,0,0,0,0,0,0,0,0,0,0,0,0,0,0,0,0,0,0,0,0,0,0,0,0,0,0,0,0,0
Bolivia,Million Kw,0,0,0,0,0,0,0,0,0,0,0,0,0,0,0,0,0,0,0,0,0,0,0,0,0,0.01,0.016,0.037,0.037,0.037,0.083,0.083,0.084,0.086,0.134,0.166
Bosnia and Herzegovina,Million Kw,--,--,--,--,--,--,--,--,--,--,--,--,0,0,0,0,0,0,0,0,0,0,0,0,0,0,0,0,0.001,0.001,0.001,0.001,0.002,0.003,0.004,0.01
Botswana,Million Kw,0,0,0,0,0,0,0,0,0,0,0,0,0,0,0,0,0,0,0,0,0,0,0,0,0,0,0,0,0,0,0,0,0.001,0.002,0.002,0.002
Brazil,Million Kw,0,0,0,0,0,0,0,0,0,0,0,0,0,0,0,0,0,0,0,0,0,0,0,0,0,6.1082,6.5241,6.6442,7.3896,6.703,8.841,10.427,12.412,15.075,18.275,22.043
Brunei,Million Kw,0,0,0,0,0,0,0,0,0,0,0,0,0,0,0,0,0,0,0,0,0,0,0,0,0,0,0,0,0,0,0.001,0.001,0.001,0.001,0.001,0.001
Bulgaria,Million Kw,0,0,0,0,0,0,0,0,0,0,0,0,0,0,0,0,0,0,0,0,0,0,0,0,0,0.015,0.033,0.036,0.121,0.185,0.523,0.705,1.7,1.743,1.756,1.769
Burkina Faso,Million Kw,0,0,0,0,0,0,0,0,0,0,0,0,0,0,0,0,0,0,0,0,0,0,0,0,0,0.001,0.001,0.002,0.002,0.003,0.004,0.006,0.006,0.006,0.007,0.008
Burma (Myanmar),Million Kw,0,0,0,0,0,0,0,0,0,0,0,0,0,0,0,0,0,0,0,0,0,0,0,0,0,0,0,0,0,0,0,0.001,0.002,0.005,0.008,0.012
Burundi,Million Kw,0,0,0,0,0,0,0,0,0,0,0,0,0,0,0,0,0,0,0,0,0,0,0,0,0,0,0,0,0,0,0.001,0.001,0.001,0.002,0.002,0.002
Cambodia,Million Kw,0,0,0,0,0,0,0,0,0,0,0,0,0,0,0,0,0,0,0,0,0,0,0,0,0,0.0001,0.00651,0.0076,0.00809,0.00878,0.00778,0.012,0.026,0.026,0.029,0.032
Cameroon,Million Kw,0,0,0,0,0,0,0,0,0,0,0,0,0,0,0,0,0,0,0,0,0,0,0,0,0,0,0,0,0,0.001,0.001,0.002,0.003,0.004,0.006,0.007
Canada,Million Kw,0,0,0,0,0,0,0,0,0,0,0,0,0,0,0,0,0,0,0,0,0,0,0,0,0,2.434,3.163,3.471,4.055,5.095,5.932,7.441,8.674,10.665,13.62,15.838
Cape Verde,Million Kw,0,0,0,0,0,0,0,0,0,0,0,0,0,0,0,0,0,0,0,0,0,0,0,0,0,0.0028,0.0028,0.0028,0.0028,0.0028,0.0108,0.0335,0.0335,0.0345,0.0355,0.0365
Cayman Islands,Million Kw,0,0,0,0,0,0,0,0,0,0,0,0,0,0,0,0,0,0,0,0,0,0,0,0,0,0,0,0,0,0,0,0,0,0,0,0
Central African Republic,Million Kw,0,0,0,0,0,0,0,0,0,0,0,0,0,0,0,0,0,0,0,0,0,0,0,0,0,0,0,0,0,0,0,0,0,0,0,0
Chad,Million Kw,0,0,0,0,0,0,0,0,0,0,0,0,0,0,0,0,0,0,0,0,0,0,0,0,0,0,0,0,0,0,0,0,0,0,0,0
Chile,Million Kw,0,0,0,0,0,0,0,0,0,0,0,0,0,0,0,0,0,0,0,0,0,0,0,0,0,0.038,0.038,0.064,0.101,0.653,0.689,0.732,1.036,1.583,1.899,1.991
China,Million Kw,0,0,0,0,0,0,0,0,0,0,0,0,0,0,0,0,0,0,0,0,0,0,0,0,0,3.0578,4.6778,7.3278,11.864,22.524,35.997,56.347,72.557,101.137,132.027,182.527
Colombia,Million Kw,0,0,0,0,0,0,0,0,0,0,0,0,0,0,0,0,0,0,0,0,0,0,0,0,0,0.11,0.118,0.118,0.2195,0.2195,0.2195,0.2195,0.2195,0.2195,0.24,0.26
Comoros,Million Kw,0,0,0,0,0,0,0,0,0,0,0,0,0,0,0,0,0,0,0,0,0,0,0,0,0,0,0,0,0,0,0,0,0,0,0,0
Congo (Brazzaville),Million Kw,0,0,0,0,0,0,0,0,0,0,0,0,0,0,0,0,0,0,0,0,0,0,0,0,0,0,0,0,0,0,0,0,0,0,0,0
Congo (Kinshasa),Million Kw,0,0,0,0,0,0,0,0,0,0,0,0,0,0,0,0,0,0,0,0,0,0,0,0,0,0,0,0,0,0,0,0,0,0,0,0
Cook Islands,Million Kw,0,0,0,0,0,0,0,0,0,0,0,0,0,0,0,0,0,0,0,0,0,0,0,0,0,4.00E-05,4.00E-05,4.00E-05,4.00E-05,4.00E-05,4.00E-05,4.00E-05,0,0.001,0.002,0.002
Costa Rica,Million Kw,0,0,0,0,0,0,0,0,0,0,0,0,0,0,0,0,0,0,0,0,0,0,0,0,0,0.26,0.26,0.256,0.276,0.326,0.328,0.385,0.409,0.41,0.461,0.531
Cote dIvoire (IvoryCoast),Million Kw,0,0,0,0,0,0,0,0,0,0,0,0,0,0,0,0,0,0,0,0,0,0,0,0,0,0,0,0,0,0,0,0,0,0,0,0
Croatia,Million Kw,--,--,--,--,--,--,--,--,--,--,--,--,0,0,0,0,0,0,0,0,0,0,0,0,0,0.008,0.019,0.021,0.022,0.032,0.098,0.141,0.204,0.294,0.398,0.553
Cuba,Million Kw,0,0,0,0,0,0,0,0,0,0,0,0,0,0,0,0,0,0,0,0,0,0,0,0,0,0.4005,0.4465,0.549,0.5542,0.5542,0.5607,0.5557,0.5317,0.4927,0.534,0.566
Cyprus,Million Kw,0,0,0,0,0,0,0,0,0,0,0,0,0,0,0,0,0,0,0,0,0,0,0,0,0,0.001,0.001,0.002,0.009,0.012,0.097,0.153,0.173,0.192,0.203,0.22
Czech Republic,Million Kw,--,--,--,--,--,--,--,--,--,--,--,--,--,0,0,0,0,0,0,0,0,0,0,0,0,0.164,0.224,0.348,0.478,1.012,2.373,2.653,2.956,3.039,3.114,3.152
Denmark,Million Kw,0,0,0,0,0,0,0,0,0,0,0,0,0,0,0,0,0,0,0,0,0,0,0,0,0,4.085,3.953,3.752,4.096,4.582,5.056,5.2621,6.083,6.734,6.902,7.264
Djibouti,Million Kw,0,0,0,0,0,0,0,0,0,0,0,0,0,0,0,0,0,0,0,0,0,0,0,0,0,0,0,0,0,0,0,0,0,0,0,0
Dominica,Million Kw,0,0,0,0,0,0,0,0,0,0,0,0,0,0,0,0,0,0,0,0,0,0,0,0,0,0,0,0,0.0002,0.0002,0.0072,0.0072,0.0072,0.0072,0.0072,0.0072
Dominican Republic,Million Kw,0,0,0,0,0,0,0,0,0,0,0,0,0,0,0,0,0,0,0,0,0,0,0,0,0,0.01,0.01,0.01,0.0102,0.0102,0.0102,0.0436,0.0456,0.106,0.111,0.116
Ecuador,Million Kw,0,0,0,0,0,0,0,0,0,0,0,0,0,0,0,0,0,0,0,0,0,0,0,0,0,0.1,0.1,0.103,0.104,0.103,0.0955,0.0955,0.0965,0.116,0.19,0.19
Egypt,Million Kw,0,0,0,0,0,0,0,0,0,0,0,0,0,0,0,0,0,0,0,0,0,0,0,0,0,0.14,0.2,0.301,0.401,0.431,0.565,0.585,0.585,0.585,0.655,0.855
El Salvador,Million Kw,0,0,0,0,0,0,0,0,0,0,0,0,0,0,0,0,0,0,0,0,0,0,0,0,0,0.1812,0.2372,0.3174,0.3134,0.3134,0.3004,0.3234,0.3434,0.3454,0.3474,0.4224
Equatorial Guinea,Million Kw,0,0,0,0,0,0,0,0,0,0,0,0,0,0,0,0,0,0,0,0,0,0,0,0,0,0,0,0,0,0,0,0,0,0,0,0
Eritrea,Million Kw,--,--,--,--,--,--,--,--,--,--,--,--,--,--,0,0,0,0,0,0,0,0,0,0,0,0.001,0.0018,0.0018,0.0018,0.0018,0.0018,0.0018,0.002,0.002,0.002,0.002
Estonia,Million Kw,--,--,--,--,--,--,--,--,--,--,--,--,0,0,0,0,0,0,0,0,0,0,0,0,0,0.043,0.043,0.062,0.089,0.1642,0.2502,0.3292,0.4332,0.6142,0.6582,0.693
Ethiopia,Million Kw,0,0,0,0,0,0,0,0,0,0,0,0,0,0,0,0,0,0,0,0,0,0,0,0,0,0.0073,0.0073,0.0073,0.0073,0.0073,0.0123,0.0423,0.0693,0.1913,0.2223,0.3503
Falkland Islands (Islas Malvinas),Million Kw,0,0,0,0,0,0,0,0,0,0,0,0,0,0,0,0,0,0,0,0,0,0,0,0,0,1.00E-05,1.00E-05,0.001,0.001,0.001,0.001,0.001,0.001,0.001,0.001,0.001
Faroe Islands,Million Kw,0,0,0,0,0,0,0,0,0,0,0,0,0,0,0,0,0,0,0,0,0,0,0,0,0,0.0041,0.0041,0.0041,0.0041,0.0041,0.0041,0.0041,0.0041,0.0041,0.018,0.018
Fiji,Million Kw,0,0,0,0,0,0,0,0,0,0,0,0,0,0,0,0,0,0,0,0,0,0,0,0,0,0.04,0.04,0.05,0.06,0.06,0.06,0.06,0.061,0.062,0.072,0.083
Finland,Million Kw,0,0,0,0,0,0,0,0,0,0,0,0,0,0,0,0,0,0,0,0,0,0,0,0,0,1.806,1.821,1.872,1.95,1.855,1.901,2.009,2.035,2.25,2.432,2.814
Former Czechoslovakia,Million Kw,0,0,0,0,0,0,0,0,0,0,0,0,0,--,--,--,--,--,--,--,--,--,--,--,--,--,--,--,--,--,--,--,--,--,--,--
Former Serbia and Montenegro,Million Kw,--,--,--,--,--,--,--,--,--,--,--,--,0,0,0,0,0,0,0,0,0,0,0,0,0,0,--,--,--,--,--,--,--,--,--,--
Former U.S.S.R.,Million Kw,0,0,0,0,0,0,0,0,0,0,0,0,--,--,--,--,--,--,--,--,--,--,--,--,--,--,--,--,--,--,--,--,--,--,--,--
Former Yugoslavia,Million Kw,0,0,0,0,0,0,0,0,0,0,0,0,--,--,--,--,--,--,--,--,--,--,--,--,--,--,--,--,--,--,--,--,--,--,--,--
France,Million Kw,0,0,0,0,0,0,0,0,0,0,0,0,0,0,0,0,0,0,0,0,0,0,0,0,0,2.084,2.987,3.854,5.0485,6.4085,8.5285,12.353,14.445,15.86,17.749,20.048
French Guiana,Million Kw,0,0,0,0,0,0,0,0,0,0,0,0,0,0,0,0,0,0,0,0,0,0,0,0,0,0,0,0,0.0019,0.0029,0.0239,0.0339,0.0359,0.0359,0.04,0.041
French Polynesia,Million Kw,0,0,0,0,0,0,0,0,0,0,0,0,0,0,0,0,0,0,0,0,0,0,0,0,0,0.001,0.002,0.002,0.003,0.003,0.007,0.01,0.013,0.022,0.022,0.025
Gabon,Million Kw,0,0,0,0,0,0,0,0,0,0,0,0,0,0,0,0,0,0,0,0,0,0,0,0,0,0,0,0,0,0,0,0,0,0,0,0
"Gambia, The",Million Kw,0,0,0,0,0,0,0,0,0,0,0,0,0,0,0,0,0,0,0,0,0,0,0,0,0,0,0,0,0,0,0,0,0,0,0,0
Georgia,Million Kw,--,--,--,--,--,--,--,--,--,--,--,--,0,0,0,0,0,0,0,0,0,0,0,0,0,0,0,0,0,0,0,0,0,0,0,0
Germany,Million Kw,--,--,--,--,--,--,--,--,--,--,--,0,0,0,0,0,0,0,0,0,0,0,0,0,0,24.576,28.47,31.483,36.753,43.893,52.99,62.897,73.095,80.661,87.715,94.875
"Germany, East",Million Kw,0,0,0,0,0,0,0,0,0,0,0,--,--,--,--,--,--,--,--,--,--,--,--,--,--,--,--,--,--,--,--,--,--,--,--,--
"Germany, West",Million Kw,0,0,0,0,0,0,0,0,0,0,0,--,--,--,--,--,--,--,--,--,--,--,--,--,--,--,--,--,--,--,--,--,--,--,--,--
Ghana,Million Kw,0,0,0,0,0,0,0,0,0,0,0,0,0,0,0,0,0,0,0,0,0,0,0,0,0,0,0,0,0,0,0.001,0.003,0.005,0.008,0.008,0.008
Gibraltar,Million Kw,0,0,0,0,0,0,0,0,0,0,0,0,0,0,0,0,0,0,0,0,0,0,0,0,0,0,0,0,0,0,0,0,0,0,0,0
Greece,Million Kw,0,0,0,0,0,0,0,0,0,0,0,0,0,0,0,0,0,0,0,0,0,0,0,0,0,0.54,0.788,0.931,1.117,1.3,1.584,2.34,3.377,4.477,4.664,4.789
Greenland,Million Kw,0,0,0,0,0,0,0,0,0,0,0,0,0,0,0,0,0,0,0,0,0,0,0,0,0,0,0,0,0,0,0,0,0,0,0,0
Grenada,Million Kw,0,0,0,0,0,0,0,0,0,0,0,0,0,0,0,0,0,0,0,0,0,0,0,0,0,0,0,0.0002,0.0002,0.0002,0.0007,0.0007,0.001,0.001,0.001,0.001
Guadeloupe,Million Kw,0,0,0,0,0,0,0,0,0,0,0,0,0,0,0,0,0,0,0,0,0,0,0,0,0,0.0645,0.0655,0.0655,0.0655,0.0765,0.0933,0.1018,0.1318,0.1388,0.139,0.139
Guam,Million Kw,0,0,0,0,0,0,0,0,0,0,0,0,0,0,0,0,0,0,0,0,0,0,0,0,0,0,0,0,0,0,0,0,0,0,0,0
Guatemala,Million Kw,0,0,0,0,0,0,0,0,0,0,0,0,0,0,0,0,0,0,0,0,0,0,0,0,0,0.336,0.336,0.347,0.391,0.422,0.422,0.434,0.524,0.646,0.774,1.059
Guinea,Million Kw,0,0,0,0,0,0,0,0,0,0,0,0,0,0,0,0,0,0,0,0,0,0,0,0,0,0,0,0,0,0,0.001,0.001,0.001,0.001,0.001,0.002
Guinea-Bissau,Million Kw,0,0,0,0,0,0,0,0,0,0,0,0,0,0,0,0,0,0,0,0,0,0,0,0,0,0,0,0,0,0,0,0,0,0,0,0
Guyana,Million Kw,0,0,0,0,0,0,0,0,0,0,0,0,0,0,0,0,0,0,0,0,0,0,0,0,0,0.01,0.0235,0.0245,0.0245,0.0545,0.0545,0.0545,0.0545,0.0555,0.0555,0.057
Haiti,Million Kw,0,0,0,0,0,0,0,0,0,0,0,0,0,0,0,0,0,0,0,0,0,0,0,0,0,0,0,0,0,0,0,0,0.001,0.001,0.001,0.001
Hawaiian Trade Zone,Million Kw,0,0,0,0,0,0,0,--,--,--,--,--,--,--,--,--,--,--,--,--,--,--,--,--,--,--,--,--,--,--,--,--,--,--,--,--
Honduras,Million Kw,0,0,0,0,0,0,0,0,0,0,0,0,0,0,0,0,0,0,0,0,0,0,0,0,0,0.0598,0.06,0.0678,0.0818,0.0914,0.0954,0.213,0.213,0.231,0.297,0.73
Hong Kong,Million Kw,0,0,0,0,0,0,0,0,0,0,0,0,0,0,0,0,0,0,0,0,0,0,0,0,0,0,0.0008,0.0008,0.0008,0.0008,0.0008,0.0008,0,0,0,0
Hungary,Million Kw,0,0,0,0,0,0,0,0,0,0,0,0,0,0,0,0,0,0,0,0,0,0,0,0,0,0.386,0.405,0.429,0.553,0.735,0.832,0.863,0.695,0.729,0.996,1.061
Iceland,Million Kw,0,0,0,0,0,0,0,0,0,0,0,0,0,0,0,0,0,0,0,0,0,0,0,0,0,0.233,0.423,0.486,0.576,0.576,0.575,0.665,0.665,0.667,0.668,0.668
India,Million Kw,0,0,0,0,0,0,0,0,0,0,0,0,0,0,0,0,0,0,0,0,0,0,0,0,0,6.303,7.503,9.402,12.11,13.612,16.302,20.449,24.002,27.172,31.038,35.86
Indonesia,Million Kw,0,0,0,0,0,0,0,0,0,0,0,0,0,0,0,0,0,0,0,0,0,0,0,0,0,1.74,1.74301,1.8756,1.9458,2.816,2.928,2.971,3.119,3.095,3.154,3.154
Iran,Million Kw,0,0,0,0,0,0,0,0,0,0,0,0,0,0,0,0,0,0,0,0,0,0,0,0,0,0.022,0.048,0.067,0.082,0.108,0.117,0.119,0.125,0.125,0.144,0.147
Iraq,Million Kw,0,0,0,0,0,0,0,0,0,0,0,0,0,0,0,0,0,0,0,0,0,0,0,0,0,0,0,0,0,0,0,0,0,0.015,0.017,0.017
Ireland,Million Kw,0,0,0,0,0,0,0,0,0,0,0,0,0,0,0,0,0,0,0,0,0,0,0,0,0,0.544,0.776,1.009,1.064,1.302,1.411,1.676,1.829,2.015,2.293,2.522
Israel,Million Kw,0,0,0,0,0,0,0,0,0,0,0,0,0,0,0,0,0,0,0,0,0,0,0,0,0,0.008,0.008,0.01,0.011,0.033,0.086,0.206,0.253,0.497,0.705,0.769
Italy,Million Kw,0,0,0,0,0,0,0,0,0,0,0,0,0,0,0,0,0,0,0,0,0,0,0,0,0,3.714,4.102,5.023,6.4,8.931,12.631,23.736,29.499,31.556,32.166,32.928
Jamaica,Million Kw,0,0,0,0,0,0,0,0,0,0,0,0,0,0,0,0,0,0,0,0,0,0,0,0,0,0.031,0.031,0.031,0.032,0.0407,0.0607,0.0797,0.0797,0.0797,0.082,0.084
Japan,Million Kw,0,0,0,0,0,0,0,0,0,0,0,0,0,0,0,0,0,0,0,0,0,0,0,0,0,4.684,5.547,5.479,5.933,6.66,8.591,10.178,12.045,19.147,29.132,40.3
Jordan,Million Kw,0,0,0,0,0,0,0,0,0,0,0,0,0,0,0,0,0,0,0,0,0,0,0,0,0,0.0064,0.0064,0.0064,0.0064,0.0064,0.0064,0.0064,0.0065,0.0085,0.0145,0.149
Kazakhstan,Million Kw,--,--,--,--,--,--,--,--,--,--,--,--,0,0,0,0,0,0,0,0,0,0,0,0,0,0,0.0005,0.0005,0.0005,0.0005,0.0005,0.002,0.005,0.009,0.056,0.111
Kenya,Million Kw,0,0,0,0,0,0,0,0,0,0,0,0,0,0,0,0,0,0,0,0,0,0,0,0,0,0.16535,0.17435,0.18735,0.18735,0.23235,0.273,0.285,0.299,0.336,0.669,0.747
Kiribati,Million Kw,0,0,0,0,0,0,0,0,0,0,0,0,0,0,0,0,0,0,0,0,0,0,0,0,0,0.001,0.002,0.002,0.002,0.002,0.002,0.002,0.002,0.002,0.002,0.003
"Korea, North",Million Kw,0,0,0,0,0,0,0,0,0,0,0,0,0,0,0,0,0,0,0,0,0,0,0,0,0,0,0,0,0.0002,0.0002,0.0002,0.0002,0,0,0,0
"Korea, South",Million Kw,0,0,0,0,0,0,0,0,0,0,0,0,0,0,0,0,0,0,0,0,0,0,0,0,0,0.201,0.355,0.415,0.801,1.038,1.27,1.464,1.83,2.756,4.249,5.651
Kosovo,Million Kw,--,--,--,--,--,--,--,--,--,--,--,--,--,--,--,--,--,--,--,--,--,--,--,--,--,--,--,--,0,0,0,0,0,0,0,0
Kuwait,Million Kw,0,0,0,0,0,0,0,0,0,0,0,0,0,0,0,0,0,0,0,0,0,0,0,0,0,0,0,0,0,0,0,0,0,0,0.002,0.003
Kyrgyzstan,Million Kw,--,--,--,--,--,--,--,--,--,--,--,--,0,0,0,0,0,0,0,0,0,0,0,0,0,0,0,0,0,0,0,0,0,0,0,0
Laos,Million Kw,0,0,0,0,0,0,0,0,0,0,0,0,0,0,0,0,0,0,0,0,0,0,0,0,0,0,0,0,0,0,0,0,0,0.03,0.03,0.031
Latvia,Million Kw,--,--,--,--,--,--,--,--,--,--,--,--,0,0,0,0,0,0,0,0,0,0,0,0,0,0.036,0.036,0.036,0.038,0.039,0.046,0.068,0.127,0.177,0.192,0.197
Lebanon,Million Kw,0,0,0,0,0,0,0,0,0,0,0,0,0,0,0,0,0,0,0,0,0,0,0,0,0,0,0,0,0,0,0,0.001,0.003,0.004,0.006,0.014
Lesotho,Million Kw,0,0,0,0,0,0,0,0,0,0,0,0,0,0,0,0,0,0,0,0,0,0,0,0,0,0,0,0,0,0,0,0,0,0,0,0
Liberia,Million Kw,0,0,0,0,0,0,0,0,0,0,0,0,0,0,0,0,0,0,0,0,0,0,0,0,0,0,0,0,0,0,0,0,0,0,0,0
Libya,Million Kw,0,0,0,0,0,0,0,0,0,0,0,0,0,0,0,0,0,0,0,0,0,0,0,0,0,0,0.002,0.002,0.003,0.003,0.004,0.004,0.005,0.005,0.005,0.005
Lithuania,Million Kw,--,--,--,--,--,--,--,--,--,--,--,--,0,0,0,0,0,0,0,0,0,0,0,0,0,0.006,0.046,0.071,0.078,0.127,0.184,0.209,0.332,0.417,0.426,0.584
Luxembourg,Million Kw,0,0,0,0,0,0,0,0,0,0,0,0,0,0,0,0,0,0,0,0,0,0,0,0,0,0.072,0.073,0.073,0.084,0.086,0.09,0.115,0.162,0.186,0.199,0.213
Macau,Million Kw,0,0,0,0,0,0,0,0,0,0,0,0,0,0,0,0,0,0,0,0,0,0,0,0,0,0,0,0,0,0,0,0,0,0,0,0
Macedonia,Million Kw,--,--,--,--,--,--,--,--,--,--,--,--,0,0,0,0,0,0,0,0,0,0,0,0,0,0,0,0,0,0,0,0.002,0.004,0.007,0.015,0.017
Madagascar,Million Kw,0,0,0,0,0,0,0,0,0,0,0,0,0,0,0,0,0,0,0,0,0,0,0,0,0,0,0,0,0.001,0.001,0.002,0.0042,0.0042,0.0062,0.0082,0.0102
Malawi,Million Kw,0,0,0,0,0,0,0,0,0,0,0,0,0,0,0,0,0,0,0,0,0,0,0,0,0,0.017,0.017,0.017,0.017,0.017,0.018,0.019,0.019,0.019,0.02,0.023
Malaysia,Million Kw,0,0,0,0,0,0,0,0,0,0,0,0,0,0,0,0,0,0,0,0,0,0,0,0,0,0.4,0.446,0.557,0.579,0.681,0.693,0.774,0.835,1.118,0.903,1.302
Maldives,Million Kw,0,0,0,0,0,0,0,0,0,0,0,0,0,0,0,0,0,0,0,0,0,0,0,0,0,0,0,0,0,0,0,0,0.001,0.001,0.001,0.004
Mali,Million Kw,0,0,0,0,0,0,0,0,0,0,0,0,0,0,0,0,0,0,0,0,0,0,0,0,0,0.001,0.001,0.001,0.002,0.002,0.002,0.002,0.004,0.006,0.006,0.006
Malta,Million Kw,0,0,0,0,0,0,0,0,0,0,0,0,0,0,0,0,0,0,0,0,0,0,0,0,0,0,0,0,0,0.002,0.002,0.01,0.021,0.034,0.058,0.077
Martinique,Million Kw,0,0,0,0,0,0,0,0,0,0,0,0,0,0,0,0,0,0,0,0,0,0,0,0,0,0.0051,0.0051,0.0051,0.0051,0.0191,0.0311,0.0431,0.0611,0.0661,0.0671,0.0711
Mauritania,Million Kw,0,0,0,0,0,0,0,0,0,0,0,0,0,0,0,0,0,0,0,0,0,0,0,0,0,0,0,0,0,0,0,0,0.005,0.02,0.02,0.052
Mauritius,Million Kw,0,0,0,0,0,0,0,0,0,0,0,0,0,0,0,0,0,0,0,0,0,0,0,0,0,0.16018,0.27018,0.31018,0.28018,0.30018,0.30018,0.2911,0.2721,0.2791,0.2941,0.295
Mexico,Million Kw,0,0,0,0,0,0,0,0,0,0,0,0,0,0,0,0,0,0,0,0,0,0,0,0,0,1.484,1.567,1.57,1.581,1.961,1.984,1.94,3.227,3.597,4.146,5.102
Micronesia,Million Kw,-,-,-,-,-,-,-,-,-,-,-,-,-,-,-,-,-,-,-,-,-,-,-,-,-,-,-,-,-,-,-,-,-,-,-,-
Moldova,Million Kw,--,--,--,--,--,--,--,--,--,--,--,--,0,0,0,0,0,0,0,0,0,0,0,0,0,0,0,0,0,0,0,0,0,0.001,0.005,0.005
Mongolia,Million Kw,0,0,0,0,0,0,0,0,0,0,0,0,0,0,0,0,0,0,0,0,0,0,0,0,0,1.00E-05,1.00E-05,1.00E-05,0.006,0.005,0.006,0.006,0.006,0.056,0.056,0.056
Montenegro,Million Kw,--,--,--,--,--,--,--,--,--,--,--,--,--,--,--,--,--,--,--,--,--,--,--,--,--,--,0,0,0,0,0,0,0,0,0,0
Montserrat,Million Kw,0,0,0,0,0,0,0,0,0,0,0,0,0,0,0,0,0,0,0,0,0,0,0,0,0,0,0,0,0,0,0,0,0,0,0,0
Morocco,Million Kw,0,0,0,0,0,0,0,0,0,0,0,0,0,0,0,0,0,0,0,0,0,0,0,0,0,0.054,0.065,0.1259,0.138,0.263,0.32,0.325,0.327,0.524,0.831,0.839
Mozambique,Million Kw,0,0,0,0,0,0,0,0,0,0,0,0,0,0,0,0,0,0,0,0,0,0,0,0,0,0,0,0,0,0,0,0.001,0.002,0.005,0.007,0.01
Namibia,Million Kw,--,--,--,--,--,--,--,--,--,--,0,0,0,0,0,0,0,0,0,0,0,0,0,0,0,0,0.0003,0.0025,0.0035,0.0045,0.0042,0.0072,0.0112,0.0132,0.0162,0.0272
Nauru,Million Kw,0,0,0,0,0,0,0,0,0,0,0,0,0,0,0,0,0,0,0,0,0,0,0,0,0,0,0,0,0,0,0,0,0,0,0,0
Nepal,Million Kw,0,0,0,0,0,0,0,0,0,0,0,0,0,0,0,0,0,0,0,0,0,0,0,0,0,0,0,0.006,0.007,0.008,0.011,0.015,0.0201,0.0251,0.0321,0.0321
Netherlands,Million Kw,0,0,0,0,0,0,0,0,0,0,0,0,0,0,0,0,0,0,0,0,0,0,0,0,0,2.685,2.992,2.887,3.563,3.662,3.887,4.102,4.382,4.872,5.165,6.13
Netherlands Antilles,Million Kw,0,0,0,0,0,0,0,0,0,0,0,0,0,0,0,0,0,0,0,0,0,0,0,0,0,0.012,0.012,0.012,0.012,0.023,0.023,0.023,0.023,0.023,0.023,0.023
New Caledonia,Million Kw,0,0,0,0,0,0,0,0,0,0,0,0,0,0,0,0,0,0,0,0,0,0,0,0,0,0.01,0.011,0.04,0.04,0.04,0.0412,0.0422,0.0422,0.0422,0.0422,0.0422
New Zealand,Million Kw,0,0,0,0,0,0,0,0,0,0,0,0,0,0,0,0,0,0,0,0,0,0,0,0,0,0.736,0.738,0.91,1.055,1.264,1.395,1.494,1.495,1.58,1.821,1.849
Nicaragua,Million Kw,0,0,0,0,0,0,0,0,0,0,0,0,0,0,0,0,0,0,0,0,0,0,0,0,0,0.21,0.21,0.2075,0.2075,0.2475,0.2745,0.2755,0.4471,0.4381,0.4797,0.4807
Niger,Million Kw,0,0,0,0,0,0,0,0,0,0,0,0,0,0,0,0,0,0,0,0,0,0,0,0,0,0.001,0.001,0.001,0.001,0.001,0.002,0.003,0.004,0.005,0.006,0.007
Nigeria,Million Kw,0,0,0,0,0,0,0,0,0,0,0,0,0,0,0,0,0,0,0,0,0,0,0,0,0,0,0.0022,0.0022,0.0022,0.0022,0.0022,0.0022,0.0172,0.0172,0.019,0.02
Niue,Million Kw,0,0,0,0,0,0,0,0,0,0,0,0,0,0,0,0,0,0,0,0,0,0,0,0,0,0,0,0,0,0,0,0,0,0,0,0
Norway,Million Kw,0,0,0,0,0,0,0,0,0,0,0,0,0,0,0,0,0,0,0,0,0,0,0,0,0,0.41,0.437,0.5,0.568,0.601,0.62,0.74,0.933,1.047,1.09,1.1
Oman,Million Kw,0,0,0,0,0,0,0,0,0,0,0,0,0,0,0,0,0,0,0,0,0,0,0,0,0,0,0,0,0,0,0,0,0,0.001,0.001,0.001
Pakistan,Million Kw,0,0,0,0,0,0,0,0,0,0,0,0,0,0,0,0,0,0,0,0,0,0,0,0,0,0.23,0.23,0.24,0.267,0.27,0.275,0.285,0.362,0.466,0.735,0.78
Palestinian Territories,Million Kw,--,--,--,--,--,--,--,--,--,--,--,--,--,--,--,--,--,0,0,0,0,0,0,0,0,0,0,0,0,0,0,0,0.001,0.001,0.003,0.012
Panama,Million Kw,0,0,0,0,0,0,0,0,0,0,0,0,0,0,0,0,0,0,0,0,0,0,0,0,0,0.01,0.01,0.01,0.01,0.01,0.012,0.012,0.013,0.034,0.051,0.329
Papua New Guinea,Million Kw,0,0,0,0,0,0,0,0,0,0,0,0,0,0,0,0,0,0,0,0,0,0,0,0,0,0.036,0.039,0.059,0.062,0.062,0.062,0.062,0.062,0.06,0.06,0.06
Paraguay,Million Kw,0,0,0,0,0,0,0,0,0,0,0,0,0,0,0,0,0,0,0,0,0,0,0,0,0,0,0,0,0,0,0,0,0,0.04,0.04,0.04
Peru,Million Kw,0,0,0,0,0,0,0,0,0,0,0,0,0,0,0,0,0,0,0,0,0,0,0,0,0,0.0257,0.0407,0.0307,0.0407,0.0807,0.0707,0.0707,0.1807,0.2607,0.426,0.426
Philippines,Million Kw,0,0,0,0,0,0,0,0,0,0,0,0,0,0,0,0,0,0,0,0,0,0,0,0,0,2.004,2.004,1.984,1.992,2.017,2.04,1.897,2.002,2.022,2.29,2.457
Poland,Million Kw,0,0,0,0,0,0,0,0,0,0,0,0,0,0,0,0,0,0,0,0,0,0,0,0,0,0.217,0.27,0.414,0.623,0.825,1.249,2.083,3.153,4.171,4.684,5.97
Portugal,Million Kw,0,0,0,0,0,0,0,0,0,0,0,0,0,0,0,0,0,0,0,0,0,0,0,0,0,1.442,2.076,2.633,3.327,3.908,4.551,5.066,5.296,5.535,5.911,6.029
Puerto Rico,Million Kw,0,0,0,0,0,0,0,0,0,0,0,0,0,0,0,0,0,0,0,0,0,0,0,0,0,0,0,0,0,0.004,0.004,0.004,0.132,0.183,0.198,0.218
Qatar,Million Kw,0,0,0,0,0,0,0,0,0,0,0,0,0,0,0,0,0,0,0,0,0,0,0,0,0,0,0,0,0,0,0,0.04,0.043,0.043,0.045,0.045
Reunion,Million Kw,0,0,0,0,0,0,0,0,0,0,0,0,0,0,0,0,0,0,0,0,0,0,0,0,0,0.066,0.096,0.097,0.105,0.142,0.143,0.185,0.2164,0.2194,0.2304,0.2534
Romania,Million Kw,0,0,0,0,0,0,0,0,0,0,0,0,0,0,0,0,0,0,0,0,0,0,0,0,0,0.001,0.001,0.018,0.02,0.026,0.0595,1.022,1.906,3.584,4.336,4.4
Russia,Million Kw,--,--,--,--,--,--,--,--,--,--,--,--,0,0,0,0,0,0,0,0,0,0,0,0,0,0.093,0.0955,0.0984,0.0984,0.0959,1.2973,1.2987,1.2988,1.2998,1.5058,1.56
Rwanda,Million Kw,0,0,0,0,0,0,0,0,0,0,0,0,0,0,0,0,0,0,0,0,0,0,0,0,0,0.001,0.001,0.001,0.001,0.001,0.001,0.001,0.001,0.001,0.01,0.01
Saint Helena,Million Kw,0,0,0,0,0,0,0,0,0,0,0,0,0,0,0,0,0,0,0,0,0,0,0,0,0,0,0,0,0,0,0,0,0,0,0,0
Saint Kitts and Nevis,Million Kw,0,0,0,0,0,0,0,0,0,0,0,0,0,0,0,0,0,0,0,0,0,0,0,0,0,0,0,0,0,0,0,0.0022,0.0022,0.0022,0.0032,0.0032
Saint Lucia,Million Kw,0,0,0,0,0,0,0,0,0,0,0,0,0,0,0,0,0,0,0,0,0,0,0,0,0,0,0,0,0,0,0,0,0,0,0,0.001
Saint Pierre and Miquelon,Million Kw,0,0,0,0,0,0,0,0,0,0,0,0,0,0,0,0,0,0,0,0,0,0,0,0,0,0,0,0.0006,0.0006,0.0006,0.0006,0.0006,0.0006,0.0006,0.0006,0.0006
Saint Vincent/Grenadines,Million Kw,0,0,0,0,0,0,0,0,0,0,0,0,0,0,0,0,0,0,0,0,0,0,0,0,0,0,0,0,0,0,0,0,0,0,0,0.001
Samoa,Million Kw,0,0,0,0,0,0,0,0,0,0,0,0,0,0,0,0,0,0,0,0,0,0,0,0,0,0,0,0,0,0,0,0,0,0,0.003,0.003
Sao Tome and Principe,Million Kw,0,0,0,0,0,0,0,0,0,0,0,0,0,0,0,0,0,0,0,0,0,0,0,0,0,0,0,0,0,0,0,0,0,0,0,0
Saudi Arabia,Million Kw,0,0,0,0,0,0,0,0,0,0,0,0,0,0,0,0,0,0,0,0,0,0,0,0,0,0,0,0,0,0,0,0,0.019,0.025,0.036,0.048
Senegal,Million Kw,0,0,0,0,0,0,0,0,0,0,0,0,0,0,0,0,0,0,0,0,0,0,0,0,0,0.012,0.012,0.012,0.012,0.013,0.028,0.03,0.031,0.032,0.035,0.036
Serbia,Million Kw,--,--,--,--,--,--,--,--,--,--,--,--,--,--,--,--,--,--,--,--,--,--,--,--,--,--,0,0,0.001,0.001,0.001,0.004,0.007,0.007,0.011,0.017
Seychelles,Million Kw,0,0,0,0,0,0,0,0,0,0,0,0,0,0,0,0,0,0,0,0,0,0,0,0,0,0,0,0,0,0,0,0,0,0.006,0.007,0.007
Sierra Leone,Million Kw,0,0,0,0,0,0,0,0,0,0,0,0,0,0,0,0,0,0,0,0,0,0,0,0,0,0,0,0,0,0,0,0,0,0,0,0
Singapore,Million Kw,0,0,0,0,0,0,0,0,0,0,0,0,0,0,0,0,0,0,0,0,0,0,0,0,0,0.117,0.117,0.117,0.117,0.13,0.132,0.134,0.138,0.143,0.161,0.188
Slovakia,Million Kw,--,--,--,--,--,--,--,--,--,--,--,--,--,0,0,0,0,0,0,0,0,0,0,0,0,0.067,0.131,0.169,0.183,0.194,0.226,0.717,0.752,0.782,0.814,0.824
Slovenia,Million Kw,--,--,--,--,--,--,--,--,--,--,--,--,0,0,0,0,0,0,0,0,0,0,0,0,0,0.02,0.022,0.024,0.06,0.056,0.061,0.115,0.203,0.252,0.291,0.308
Solomon Islands,Million Kw,0,0,0,0,0,0,0,0,0,0,0,0,0,0,0,0,0,0,0,0,0,0,0,0,0,0,0,0,0,0,0,0.001,0.001,0.001,0.001,0.001
Somalia,Million Kw,0,0,0,0,0,0,0,0,0,0,0,0,0,0,0,0,0,0,0,0,0,0,0,0,0,0,0,0,0,0,0,0,0,0,0.001,0.001
South Africa,Million Kw,0,0,0,0,0,0,0,0,0,0,0,0,0,0,0,0,0,0,0,0,0,0,0,0,0,0.209,0.259,0.27,0.276,0.278,0.163,0.207,0.217,0.517,1.739,2.38
Spain,Million Kw,0,0,0,0,0,0,0,0,0,0,0,0,0,0,0,0,0,0,0,0,0,0,0,0,0,11.673,12.729,16.41,20.807,23.904,26.409,28.166,30.657,31.294,31.353,31.374
Sri Lanka,Million Kw,0,0,0,0,0,0,0,0,0,0,0,0,0,0,0,0,0,0,0,0,0,0,0,0,0,0.004,0.005,0.005,0.013,0.013,0.024,0.043,0.09,0.09,0.149,0.148
Sudan,Million Kw,0,0,0,0,0,0,0,0,0,0,0,0,0,0,0,0,0,0,0,0,0,0,0,0,0,0.087,0.087,0.087,0.087,0.087,0.087,0.087,0.196,0.196,0.196,0.199
Suriname,Million Kw,0,0,0,0,0,0,0,0,0,0,0,0,0,0,0,0,0,0,0,0,0,0,0,0,0,0,0,0,0,0,0,0,0,0.001,0.005,0.008
Swaziland,Million Kw,0,0,0,0,0,0,0,0,0,0,0,0,0,0,0,0,0,0,0,0,0,0,0,0,0,0.061,0.061,0.061,0.061,0.061,0.062,0.121,0.121,0.121,0.121,0.121
Sweden,Million Kw,0,0,0,0,0,0,0,0,0,0,0,0,0,0,0,0,0,0,0,0,0,0,0,0,0,3.476,4.497,3.924,4.119,5.37,5.984,6.834,8.462,8.799,10.059,11.179
Switzerland,Million Kw,0,0,0,0,0,0,0,0,0,0,0,0,0,0,0,0,0,0,0,0,0,0,0,0,0,0.382,0.409,0.417,0.427,0.468,0.557,0.6495,0.917,1.247,1.547,1.905
Syria,Million Kw,0,0,0,0,0,0,0,0,0,0,0,0,0,0,0,0,0,0,0,0,0,0,0,0,0,0,0.0003,0.0003,0.0004,0.0006,0.0006,0.0006,0.0006,0.0006,0.0006,0.0006
Taiwan,Million Kw,0,0,0,0,0,0,0,0,0,0,0,0,0,0,0,0,0,0,0,0,0,0,0,0,0,0.6949,0.8347,0.928,0.9964,1.1243,1.2379,1.3807,1.534,1.7462,1.9972,2.2287
Tajikistan,Million Kw,--,--,--,--,--,--,--,--,--,--,--,--,0,0,0,0,0,0,0,0,0,0,0,0,0,0,0,0,0,0,0,0,0,0,0,0
Tanzania,Million Kw,0,0,0,0,0,0,0,0,0,0,0,0,0,0,0,0,0,0,0,0,0,0,0,0,0,0.04,0.04,0.043,0.043,0.044,0.054,0.065,0.065,0.068,0.079,0.079
Thailand,Million Kw,0,0,0,0,0,0,0,0,0,0,0,0,0,0,0,0,0,0,0,0,0,0,0,0,0,0.62445,1.07145,1.41245,1.6527,1.7377,1.81972,2.0673,2.6943,3.6523,4.3543,4.8753
Timor-Leste (East Timor),Million Kw,--,--,--,--,--,--,--,--,--,--,--,--,--,--,--,--,--,--,--,--,--,--,--,0,0,0,0,0,0,0,0,0,0,0,0,0
Togo,Million Kw,0,0,0,0,0,0,0,0,0,0,0,0,0,0,0,0,0,0,0,0,0,0,0,0,0,0,0,0,0,0,0,0,0.001,0.001,0.001,0.002
Tonga,Million Kw,0,0,0,0,0,0,0,0,0,0,0,0,0,0,0,0,0,0,0,0,0,0,0,0,0,0,0,0,0,0,0,0.001,0.002,0.002,0.002,0.003
Trinidad and Tobago,Million Kw,0,0,0,0,0,0,0,0,0,0,0,0,0,0,0,0,0,0,0,0,0,0,0,0,0,0.005,0.005,0.005,0.005,0.005,0.008,0.008,0.008,0.008,0.008,0.008
Tunisia,Million Kw,0,0,0,0,0,0,0,0,0,0,0,0,0,0,0,0,0,0,0,0,0,0,0,0,0,0.02,0.02,0.02,0.02,0.02,0.021,0.057,0.109,0.209,0.25,0.267
Turkey,Million Kw,0,0,0,0,0,0,0,0,0,0,0,0,0,0,0,0,0,0,0,0,0,0,0,0,0,0.146,0.198,0.287,0.527,1.003,1.565,1.9762,2.604,3.324,4.373,5.746
Turkmenistan,Million Kw,--,--,--,--,--,--,--,--,--,--,--,--,0,0,0,0,0,0,0,0,0,0,0,0,0,0,0,0,0,0,0,0,0,0,0,0
Turks and Caicos Islands,Million Kw,0,0,0,0,0,0,0,0,0,0,0,0,0,0,0,0,0,0,0,0,0,0,0,0,0,0,0,0,0,0,0,0,0,0,0,0
Tuvalu,Million Kw,-,-,-,-,-,-,-,-,-,-,-,-,-,-,-,-,-,-,-,-,-,-,-,-,-,-,-,-,-,-,-,-,-,-,-,-
U.S. Pacific Islands,Million Kw,0,0,0,0,0,0,0,0,0,0,0,0,0,0,0,0,0,0,0,0,0,0,0,0,0,0,0,0,0,0,0,0,0,0,0,0
U.S. Territories,Million Kw,-,-,-,-,-,-,-,-,-,-,-,-,-,-,-,-,-,-,-,-,-,-,-,-,-,-,-,-,-,-,-,-,-,-,-,-
Uganda,Million Kw,0,0,0,0,0,0,0,0,0,0,0,0,0,0,0,0,0,0,0,0,0,0,0,0,0,0.02,0.02,0.023,0.042,0.044,0.045,0.046,0.047,0.079,0.08,0.08
Ukraine,Million Kw,--,--,--,--,--,--,--,--,--,--,--,--,0,0,0,0,0,0,0,0,0,0,0,0,0,0.066,0.08,0.08,0.08,0.082,0.087,0.3451,0.654,1.145,1.28,1.404
United Arab Emirates,Million Kw,0,0,0,0,0,0,0,0,0,0,0,0,0,0,0,0,0,0,0,0,0,0,0,0,0,0,0,0,0,0.01,0.011,0.011,0.014,0.125,0.132,0.135
United Kingdom,Million Kw,0,0,0,0,0,0,0,0,0,0,0,0,0,0,0,0,0,0,0,0,0,0,0,0,0,3.179,3.658,4.25,5.233,6.354,7.759,10.796,13.93,18.051,22.935,28.63
United States,Million Kw,0,0,0,0,0,0,0,0,0,0,0,0,0,0,0,0,0,0,0,0,0,0,0,0,0,22.09171,24.99477,30.8578,39.4079,49.4398,54.6955,62.6404,78.8838,84.9071,100.723,114.4459
Uruguay,Million Kw,0,0,0,0,0,0,0,0,0,0,0,0,0,0,0,0,0,0,0,0,0,0,0,0,0,0.014,0.01645,0.17745,0.187,0.1975,0.2705,0.2875,0.4667,0.4763,0.959,1.34
Uzbekistan,Million Kw,--,--,--,--,--,--,--,--,--,--,--,--,0,0,0,0,0,0,0,0,0,0,0,0,0,0,0,0,0,0,0,0,0,0,0,0
Vanuatu,Million Kw,0,0,0,0,0,0,0,0,0,0,0,0,0,0,0,0,0,0,0,0,0,0,0,0,0,0,0,0.003,0.003,0.003,0.003,0.003,0.003,0.006,0.006,0.006
Venezuela,Million Kw,0,0,0,0,0,0,0,0,0,0,0,0,0,0,0,0,0,0,0,0,0,0,0,0,0,0,0,0,0,0,0.002,0.002,0.032,0.032,0.033,0.033
Vietnam,Million Kw,0,0,0,0,0,0,0,0,0,0,0,0,0,0,0,0,0,0,0,0,0,0,0,0,0,0.13,0.13,0.13,0.131,0.138,0.161,0.161,0.161,0.18,0.184,0.394
"Virgin Islands,  U.S.",Million Kw,0,0,0,0,0,0,0,0,0,0,0,0,0,0,0,0,0,0,0,0,0,0,0,0,0,0,0,0,0,0,0,0,0,0,0,0.004
"Virgin Islands, British",Million Kw,0,0,0,0,0,0,0,0,0,0,0,0,0,0,0,0,0,0,0,0,0,0,0,0,0,0,0,0,0,0,0,0,0,0,0,0
Wake Island,Million Kw,0,0,0,0,0,0,0,0,0,0,0,0,0,0,0,0,0,0,0,0,0,0,0,0,0,0,0,0,0,0,0,0,0,0,0,0
Western Sahara,Million Kw,0,0,0,0,0,0,0,0,0,0,0,0,0,0,0,0,0,0,0,0,0,0,0,0,0,0,0,0,0,0,0,0,0,0,0,0
Yemen,Million Kw,0,0,0,0,0,0,0,0,0,0,0,0,0,0,0,0,0,0,0,0,0,0,0,0,0,0,0,0,0,0,0.001,0.001,0.001,0.002,0.005,0.015
Zambia,Million Kw,0,0,0,0,0,0,0,0,0,0,0,0,0,0,0,0,0,0,0,0,0,0,0,0,0,0.012,0.013,0.013,0.041,0.041,0.041,0.041,0.041,0.042,0.042,0.043
Zimbabwe,Million Kw,0,0,0,0,0,0,0,0,0,0,0,0,0,0,0,0,0,0,0,0,0,0,0,0,0,0.081,0.081,0.081,0.081,0.081,0.082,0.102,0.103,0.104,0.104,0.104
